group_id,group_label,distributor_id,distributor_label,classe_local_servico,qtd_serv_realizado,qtd_fora_prazo,compensacao_rs,exposicao_uc_mes,taxa_fora_prazo,fora_prazo_por_100k_uc_mes,compensacao_rs_por_uc_mes,share_fora_prazo,share_compensacao
amazonas,Grupo Amazonas,amazonas_energia,AMAZONAS ENERGIA S.A.,urbana,769950,4306,936235.29,42364469,0.005592570946165335,10.164177910503255,0.022099540301095243,0.4938639752265168,0.3909624016126354
amazonas,Grupo Amazonas,amazonas_energia,AMAZONAS ENERGIA S.A.,nao_classificado,2558386,3281,1297990.3699999999,42364469,0.0012824491691245964,7.744697567199532,0.030638655473292958,0.3763046220896892,0.542027669481753
amazonas,Grupo Amazonas,amazonas_energia,AMAZONAS ENERGIA S.A.,rural,55967,1132,160468.27,42364469,0.020226204727786017,2.672050486458357,0.0037878031706239487,0.129831402683794,0.06700992890561175
amazonas,Grupo Amazonas,amazonas_energia,AMAZONAS ENERGIA S.A.,grupo_a,116,0,0.0,42364469,0.0,0.0,0.0,0.0,0.0
ampla,Grupo Ampla,enel_rj,AMPLA ENERGIA E SERVIÇOS S.A.,nao_classificado,30821515,23627,14095329.5174,111351486,0.0007665749071711758,21.21839667231742,0.1265841168693519,0.6540889208792425,0.6658184725694902
ampla,Grupo Ampla,enel_rj,AMPLA ENERGIA E SERVIÇOS S.A.,urbana,2238350,11153,6965210.6447,111351486,0.004982688140818013,10.016031577701622,0.06255157335484504,0.3087592049166713,0.32901436655695476
ampla,Grupo Ampla,enel_rj,AMPLA ENERGIA E SERVIÇOS S.A.,rural,11482,1225,109388.4267,111351486,0.10668873018637869,1.1001200289325281,0.0009823706052741856,0.0339128508941919,0.005167160873554962
ampla,Grupo Ampla,enel_rj,AMPLA ENERGIA E SERVIÇOS S.A.,grupo_a,303,117,0.0,111351486,0.38613861386138615,0.10507268847763737,0.0,0.003239023309894247,0.0
celesc,Grupo Celesc,celesc_dis,CELESC DISTRIBUIÇÃO S.A.,nao_classificado,31968516,501396,23183146.77,124369388,0.015684056150745314,403.1506531173089,0.1864055708789047,0.9733727810650887,0.9193101606054542
celesc,Grupo Celesc,celesc_dis,CELESC DISTRIBUIÇÃO S.A.,urbana,938369,12158,1743518.44,124369388,0.012956523499817236,9.775717478001903,0.01401887126758234,0.023602633990277844,0.069137905781156
celesc,Grupo Celesc,celesc_dis,CELESC DISTRIBUIÇÃO S.A.,rural,73348,1517,291316.45,124369388,0.02068222719092545,1.2197535297029845,0.00234234850460147,0.002944990603985153,0.01155193361338974
celesc,Grupo Celesc,celesc_dis,CELESC DISTRIBUIÇÃO S.A.,grupo_a,68,41,0.0,124369388,0.6029411764705882,0.032966311613594174,0.0,7.959434064824737e-05,0.0
cemig,Grupo Cemig,cemig_d,CEMIG DISTRIBUIÇÃO S.A.,nao_classificado,162090852,138100,89873692.77,377907546,0.0008519913264445053,36.54332956876178,0.23781925955508704,0.6435588196916883,0.566398764015434
cemig,Grupo Cemig,cemig_d,CEMIG DISTRIBUIÇÃO S.A.,urbana,5008269,55529,32619630.419999998,377907546,0.011087463552776419,14.693805558463232,0.08631643047424091,0.2587702947042705,0.20557426520584096
cemig,Grupo Cemig,cemig_d,CEMIG DISTRIBUIÇÃO S.A.,rural,298474,20958,35704102.39,377907546,0.07021717134490776,5.54580087691607,0.09447840554631318,0.09766622551121218,0.2250131138566824
cemig,Grupo Cemig,cemig_d,CEMIG DISTRIBUIÇÃO S.A.,grupo_a,1114,1,478225.71,377907546,0.0008976660682226212,0.00026461498601565366,0.0012654568956397606,4.660092829049155e-06,0.0030138569220426992
centrais,Grupo Centrais,eletrocar,CENTRAIS ELÉTRICAS DE CARAZINHO S.A.,nao_classificado,338104,624,14406.0,1458926,0.001845585973546601,42.77118921727352,0.009874387049103244,0.6028985507246377,0.5617088175729157
centrais,Grupo Centrais,eletrocar,CENTRAIS ELÉTRICAS DE CARAZINHO S.A.,urbana,26856,384,10088.36,1458926,0.014298480786416443,26.32073182601448,0.006914922346986757,0.3710144927536232,0.3933583761522907
centrais,Grupo Centrais,eletrocar,CENTRAIS ELÉTRICAS DE CARAZINHO S.A.,rural,1274,27,1152.3799999999999,1458926,0.02119309262166405,1.8506764565166431,0.0007898824203557959,0.02608695652173913,0.04493280627479359
centrais,Grupo Centrais,eletrocar,CENTRAIS ELÉTRICAS DE CARAZINHO S.A.,grupo_a,0,0,0.0,1458926,,0.0,0.0,0.0,0.0
companhia,Grupo Companhia,cocel,COMPANHIA CAMPOLARGUENSE DE ENERGIA,nao_classificado,544662,166,36398.67,2016590,0.0003047761731128663,8.23171790001934,0.018049613456379333,0.49404761904761907,0.6155447643383625
companhia,Grupo Companhia,cocel,COMPANHIA CAMPOLARGUENSE DE ENERGIA,urbana,46997,121,22092.6,2016590,0.002574632423346171,6.000228107845422,0.010955424751684774,0.3601190476190476,0.37361211991047216
companhia,Grupo Companhia,cocel,COMPANHIA CAMPOLARGUENSE DE ENERGIA,rural,2297,49,641.1800000000001,2016590,0.02133217239878102,2.4298444403671544,0.00031795258332134943,0.14583333333333334,0.010843115751165394
companhia,Grupo Companhia,cocel,COMPANHIA CAMPOLARGUENSE DE ENERGIA,grupo_a,0,0,0.0,2016590,,0.0,0.0,0.0,0.0
companhia,Grupo Companhia,cea_equatorial,COMPANHIA DE ELETRICIDADE DO AMAPA,nao_classificado,289689,5220,2110601.16,8782897,0.018019324171784225,59.4336925504193,0.24030808513409643,0.760932944606414,0.7979438752612598
companhia,Grupo Companhia,cea_equatorial,COMPANHIA DE ELETRICIDADE DO AMAPA,urbana,241821,1498,497639.29,8782897,0.0061946646486450724,17.055875754890444,0.05666003939246925,0.21836734693877552,0.18813986795348006
companhia,Grupo Companhia,cea_equatorial,COMPANHIA DE ELETRICIDADE DO AMAPA,rural,10928,142,36809.19,8782897,0.012994143484626648,1.6167786096091072,0.0041910078189463,0.020699708454810496,0.013916256785260182
companhia,Grupo Companhia,cea_equatorial,COMPANHIA DE ELETRICIDADE DO AMAPA,grupo_a,0,0,0.0,8782897,,0.0,0.0,0.0,0.0
companhia,Grupo Companhia,neoenergia_coelba,COMPANHIA DE ELETRICIDADE DO ESTADO DA BAHIA,nao_classificado,177555831,41876,71804127.29,244039706,0.00023584694326372194,17.15950272452795,0.29423133008527724,0.4788619652597514,0.7476151329077021
companhia,Grupo Companhia,neoenergia_coelba,COMPANHIA DE ELETRICIDADE DO ESTADO DA BAHIA,urbana,2889869,34906,20440573.94,244039706,0.01207874820623357,14.303410118023992,0.08375921392070519,0.39915836659081294,0.21282456844219674
companhia,Grupo Companhia,neoenergia_coelba,COMPANHIA DE ELETRICIDADE DO ESTADO DA BAHIA,rural,523798,10653,3174872.65,244039706,0.020337992890389043,4.36527324778862,0.013009656100798614,0.12181957483790552,0.03305635661594263
companhia,Grupo Companhia,neoenergia_coelba,COMPANHIA DE ELETRICIDADE DO ESTADO DA BAHIA,grupo_a,472,14,624666.17,244039706,0.029661016949152543,0.005736771376048126,0.002559690716886866,0.000160093311530149,0.006503942034158455
companhia,Grupo Companhia,neoenergia_pernambuco,COMPANHIA ENERGÉTICA DE PERNAMBUCO,nao_classificado,67957567,20321,18916026.25,147629086,0.00029902483118620185,13.764902669654134,0.12813210975241018,0.5062278909869962,0.6577676640433131
companhia,Grupo Companhia,neoenergia_pernambuco,COMPANHIA ENERGÉTICA DE PERNAMBUCO,rural,280197,11509,2393643.82,147629086,0.04107467246258882,7.79588921928298,0.016213903945730586,0.2867071894773554,0.08323426301193214
companhia,Grupo Companhia,neoenergia_pernambuco,COMPANHIA ENERGÉTICA DE PERNAMBUCO,urbana,1894377,8310,7256101.24,147629086,0.004386666434400333,5.628972057714968,0.04915089185067501,0.20701509640775248,0.2523166705108896
companhia,Grupo Companhia,neoenergia_pernambuco,COMPANHIA ENERGÉTICA DE PERNAMBUCO,grupo_a,333,2,192143.2,147629086,0.006006006006006006,0.0013547465842875977,0.0013015267194704436,4.982312789596931e-05,0.006681402433865153
companhia,Grupo Companhia,enel_ce,COMPANHIA ENERGÉTICA DO CEARÁ,nao_classificado,34091275,66323,51978175.05283,152021658,0.0019454537854627027,43.62733631019864,0.3419129598812164,0.7774170105026257,0.8874274308930693
companhia,Grupo Companhia,enel_ce,COMPANHIA ENERGÉTICA DO CEARÁ,urbana,2663188,9865,5944061.02238,152021658,0.003704207138211797,6.489206952340961,0.039100093372090444,0.11563437734433608,0.10148341677638634
companhia,Grupo Companhia,enel_ce,COMPANHIA ENERGÉTICA DO CEARÁ,rural,321163,9120,649511.02587,152021658,0.02839679539673001,5.999145200745015,0.004272490080788357,0.10690172543135784,0.011089152330544427
companhia,Grupo Companhia,enel_ce,COMPANHIA ENERGÉTICA DO CEARÁ,grupo_a,92,4,0.0,152021658,0.043478260869565216,0.00263120403541448,0.0,4.6886721680420107e-05,0.0
companhia,Grupo Companhia,neoenergia_cosern,COMPANHIA ENERGÉTICA DO RIO GRANDE DO NORTE,nao_classificado,38942371,8179,4615865.020471438,57791524,0.00021002830053670846,14.152594418517152,0.07987096897585601,0.6517650808829388,0.7488355394880064
companhia,Grupo Companhia,neoenergia_cosern,COMPANHIA ENERGÉTICA DO RIO GRANDE DO NORTE,rural,113551,2799,577506.418805546,57791524,0.024649716867310725,4.843270788290685,0.009992925931587234,0.22304566100884532,0.09368933640088742
companhia,Grupo Companhia,neoenergia_cosern,COMPANHIA ENERGÉTICA DO RIO GRANDE DO NORTE,urbana,565594,1567,867206.8161266289,57791524,0.0027705385842141184,2.7114702841198652,0.01500577863505778,0.12487050761016814,0.14068766766830954
companhia,Grupo Companhia,neoenergia_cosern,COMPANHIA ENERGÉTICA DO RIO GRANDE DO NORTE,grupo_a,107,4,103478.84,57791524,0.037383177570093455,0.006921430208346816,0.001790553922751717,0.0003187504980476532,0.016787456442796684
companhia,Grupo Companhia,ceee_equatorial,COMPANHIA ESTADUAL DE DISTRIBUIÇÃO DE ENERGIA ELÉTRICA,nao_classificado,23711770,27625,10293075.86,70053268,0.0011650332303324467,39.434277355911505,0.14693212970449857,0.7723168106460901,0.6856085212428809
companhia,Grupo Companhia,ceee_equatorial,COMPANHIA ESTADUAL DE DISTRIBUIÇÃO DE ENERGIA ELÉTRICA,urbana,1417157,6478,3766760.98,70053268,0.004571123735761105,9.247248822139175,0.05376995374434209,0.18110654477340715,0.250899095712405
companhia,Grupo Companhia,ceee_equatorial,COMPANHIA ESTADUAL DE DISTRIBUIÇÃO DE ENERGIA ELÉTRICA,rural,46145,1650,775656.64,70053268,0.03575685339690107,2.3553505027060266,0.011072383375462227,0.0461293298666443,0.0516654894198576
companhia,Grupo Companhia,ceee_equatorial,COMPANHIA ESTADUAL DE DISTRIBUIÇÃO DE ENERGIA ELÉTRICA,grupo_a,573,16,177557.76,70053268,0.027923211169284468,0.022839762450482682,0.002534610662274885,0.000447314713858369,0.011826893624856503
companhia,Grupo Companhia,chesp,COMPANHIA HIDROELÉTRICA SÃO PATRÍCIO,nao_classificado,105048,330,0.0,1437201,0.0031414210646561573,22.961297689049758,0.0,0.8461538461538461,0.0
companhia,Grupo Companhia,chesp,COMPANHIA HIDROELÉTRICA SÃO PATRÍCIO,rural,1302,45,202.5,1437201,0.03456221198156682,3.1310860485067855,0.00014089887218280534,0.11538461538461539,0.6536053192176102
companhia,Grupo Companhia,chesp,COMPANHIA HIDROELÉTRICA SÃO PATRÍCIO,urbana,13876,15,107.32,1437201,0.0010810031709426347,1.0436953495022616,7.467292327238848e-05,0.038461538461538464,0.3463946807823898
companhia,Grupo Companhia,chesp,COMPANHIA HIDROELÉTRICA SÃO PATRÍCIO,grupo_a,0,0,0.0,1437201,,0.0,0.0,0.0,0.0
companhia,Grupo Companhia,cpfl_santa_cruz,COMPANHIA JAGUARI DE ENERGIA - CPFL SANTA CRUZ,urbana,349541,2084,547594.7401,18356753,0.005962104588589035,11.352770285681787,0.029830697188113826,0.5228299046663322,0.35879477385077163
companhia,Grupo Companhia,cpfl_santa_cruz,COMPANHIA JAGUARI DE ENERGIA - CPFL SANTA CRUZ,nao_classificado,7119750,1826,902087.9926,18356753,0.0002564696794129007,9.947292966245174,0.04914202378819391,0.45810336176618166,0.5910656797749864
companhia,Grupo Companhia,cpfl_santa_cruz,COMPANHIA JAGUARI DE ENERGIA - CPFL SANTA CRUZ,rural,14459,75,31475.177,18356753,0.0051870807109758625,0.4085689882083177,0.0017146374960756948,0.018815855494229806,0.020623151003177444
companhia,Grupo Companhia,cpfl_santa_cruz,COMPANHIA JAGUARI DE ENERGIA - CPFL SANTA CRUZ,grupo_a,100,1,45048.1,18356753,0.01,0.005447586509444236,0.0024540342183609486,0.0002508780732563974,0.029516395371064562
companhia,Grupo Companhia,cpfl_paulista,COMPANHIA PAULISTA DE FORÇA E LUZ,nao_classificado,85283191,30405,13656475.4731,180185683,0.0003565180857268814,16.874259649142047,0.07579112416550875,0.6593728313671062,0.7655626610969982
companhia,Grupo Companhia,cpfl_paulista,COMPANHIA PAULISTA DE FORÇA E LUZ,urbana,4172706,15281,3690849.1094,180185683,0.003662131959452691,8.48069599403189,0.02048358697510945,0.3313887925052047,0.20690377041026886
companhia,Grupo Companhia,cpfl_paulista,COMPANHIA PAULISTA DE FORÇA E LUZ,rural,48950,420,316773.386,180185683,0.008580183861082738,0.23309288119189803,0.0017580386006584108,0.009108258154059681,0.01775786708866085
companhia,Grupo Companhia,cpfl_paulista,COMPANHIA PAULISTA DE FORÇA E LUZ,grupo_a,953,6,174383.67,180185683,0.0062959076600209865,0.0033298983027414005,0.0009677998112646942,0.000130117973629424,0.009775701404072168
companhia,Grupo Companhia,cpfl_piratininga,COMPANHIA PIRATININGA DE FORÇA E LUZ,nao_classificado,25947800,9419,3559017.0919,70600665,0.00036299801909988515,13.341234108772206,0.05041053213733893,0.6461105775826588,0.6904107558327965
companhia,Grupo Companhia,cpfl_piratininga,COMPANHIA PIRATININGA DE FORÇA E LUZ,urbana,1713072,5038,1550898.3944,70600665,0.0029409155015084013,7.135910122093042,0.021967192439334673,0.3455892440664014,0.3008574853811521
companhia,Grupo Companhia,cpfl_piratininga,COMPANHIA PIRATININGA DE FORÇA E LUZ,rural,7929,121,45011.5797,70600665,0.015260436372808677,0.17138648764852285,0.0006375517808507895,0.008300178350939772,0.008731758786051466
companhia,Grupo Companhia,cpfl_piratininga,COMPANHIA PIRATININGA DE FORÇA E LUZ,grupo_a,345,0,0.0,70600665,0.0,0.0,0.0,0.0,0.0
companhia,Grupo Companhia,sulgipe,COMPANHIA SUL SERGIPANA DE ELETRICIDADE,nao_classificado,318907,103,84235.51,5970787,0.0003229781723198299,1.72506572416668,0.0141079408794854,0.5628415300546448,0.924030021168041
companhia,Grupo Companhia,sulgipe,COMPANHIA SUL SERGIPANA DE ELETRICIDADE,rural,27284,42,3728.09,5970787,0.0015393637296584079,0.7034248583980638,0.0006243883762726756,0.22950819672131148,0.040895663617592656
companhia,Grupo Companhia,sulgipe,COMPANHIA SUL SERGIPANA DE ELETRICIDADE,urbana,52065,38,3197.41,5970787,0.0007298569096321905,0.6364320147411053,0.0005355089705929888,0.20765027322404372,0.03507431521436632
companhia,Grupo Companhia,sulgipe,COMPANHIA SUL SERGIPANA DE ELETRICIDADE,grupo_a,0,0,0.0,5970787,,0.0,0.0,0.0,0.0
cooperativa,Grupo Cooperativa,cooperalianca,COOPERATIVA ALIANÇA,urbana,26231,62,6381.43,1572410,0.0023636155693644925,3.942991967743782,0.004058375360116001,0.5794392523364486,0.3973597067918339
cooperativa,Grupo Cooperativa,cooperalianca,COOPERATIVA ALIANÇA,nao_classificado,407665,45,9678.15,1572410,0.00011038475218623134,2.8618490088462933,0.006154978663325723,0.4205607476635514,0.602640293208166
cooperativa,Grupo Cooperativa,cooperalianca,COOPERATIVA ALIANÇA,grupo_a,0,0,0.0,1572410,,0.0,0.0,0.0,0.0
cooperativa,Grupo Cooperativa,cooperalianca,COOPERATIVA ALIANÇA,rural,1044,0,0.0,1572410,0.0,0.0,0.0,0.0,0.0
cooperativa,Grupo Cooperativa,creluz_d,COOPERATIVA DE DISTRIBUIÇÃO DE ENERGIA,nao_classificado,113524,35,9431.76,918993,0.00030830485183749694,3.8085164957730906,0.010263146726906517,0.5645161290322581,0.43806629126018787
cooperativa,Grupo Cooperativa,creluz_d,COOPERATIVA DE DISTRIBUIÇÃO DE ENERGIA,rural,3958,15,10799.94,918993,0.0037897928246589186,1.6322213553313247,0.011751928469531325,0.24193548387096775,0.5016126005785297
cooperativa,Grupo Cooperativa,creluz_d,COOPERATIVA DE DISTRIBUIÇÃO DE ENERGIA,urbana,2441,12,1298.74,918993,0.004916018025399427,1.3057770842650598,0.0014132207753486698,0.1935483870967742,0.06032110816128235
cooperativa,Grupo Cooperativa,creluz_d,COOPERATIVA DE DISTRIBUIÇÃO DE ENERGIA,grupo_a,0,0,0.0,918993,,0.0,0.0,0.0,0.0
cooperativa,Grupo Cooperativa,ceral_anitapolis,COOPERATIVA DE DISTRIBUIÇÃO DE ENERGIA ELÉTRICA DE ANITÁPOLIS,nao_classificado,2623,33,0.0,144550,0.012581014105985514,22.829470771359393,0.0,0.8918918918918919,
cooperativa,Grupo Cooperativa,ceral_anitapolis,COOPERATIVA DE DISTRIBUIÇÃO DE ENERGIA ELÉTRICA DE ANITÁPOLIS,rural,467,3,0.0,144550,0.006423982869379015,2.0754064337599445,0.0,0.08108108108108109,
cooperativa,Grupo Cooperativa,ceral_anitapolis,COOPERATIVA DE DISTRIBUIÇÃO DE ENERGIA ELÉTRICA DE ANITÁPOLIS,urbana,231,1,0.0,144550,0.004329004329004329,0.6918021445866482,0.0,0.02702702702702703,
cooperativa,Grupo Cooperativa,ceral_anitapolis,COOPERATIVA DE DISTRIBUIÇÃO DE ENERGIA ELÉTRICA DE ANITÁPOLIS,grupo_a,0,0,0.0,144550,,0.0,0.0,0.0,
cooperativa,Grupo Cooperativa,castro_dis,COOPERATIVA DE DISTRIBUIÇÃO DE ENERGIA ELÉTRICA DE CASTRO,nao_classificado,24627,18,0.0,83000,0.0007309051041539773,21.686746987951807,0.0,0.9,0.0
cooperativa,Grupo Cooperativa,castro_dis,COOPERATIVA DE DISTRIBUIÇÃO DE ENERGIA ELÉTRICA DE CASTRO,urbana,1104,2,90.86,83000,0.0018115942028985507,2.4096385542168672,0.001094698795180723,0.1,1.0
cooperativa,Grupo Cooperativa,castro_dis,COOPERATIVA DE DISTRIBUIÇÃO DE ENERGIA ELÉTRICA DE CASTRO,grupo_a,0,0,0.0,83000,,0.0,0.0,0.0,0.0
cooperativa,Grupo Cooperativa,castro_dis,COOPERATIVA DE DISTRIBUIÇÃO DE ENERGIA ELÉTRICA DE CASTRO,rural,401,0,0.0,83000,0.0,0.0,0.0,0.0,0.0
cooperativa,Grupo Cooperativa,codesam,COOPERATIVA DE DISTRIBUIÇÃO DE ENERGIA ELÉTRICA DE SANTA MARIA,grupo_a,0,0,0.0,4485,,0.0,0.0,,
cooperativa,Grupo Cooperativa,codesam,COOPERATIVA DE DISTRIBUIÇÃO DE ENERGIA ELÉTRICA DE SANTA MARIA,nao_classificado,540,0,0.0,4485,0.0,0.0,0.0,,
cooperativa,Grupo Cooperativa,codesam,COOPERATIVA DE DISTRIBUIÇÃO DE ENERGIA ELÉTRICA DE SANTA MARIA,rural,0,0,0.0,4485,,0.0,0.0,,
cooperativa,Grupo Cooperativa,codesam,COOPERATIVA DE DISTRIBUIÇÃO DE ENERGIA ELÉTRICA DE SANTA MARIA,urbana,0,0,0.0,4485,,0.0,0.0,,
cooperativa,Grupo Cooperativa,cersad,COOPERATIVA DE DISTRIBUIÇÃO DE ENERGIA ELÉTRICA SALTO DONNER,nao_classificado,4393,16,1366.59,50640,0.003642157978602322,31.5955766192733,0.026986374407582937,0.8888888888888888,0.868928550990952
cooperativa,Grupo Cooperativa,cersad,COOPERATIVA DE DISTRIBUIÇÃO DE ENERGIA ELÉTRICA SALTO DONNER,rural,567,2,206.14,50640,0.003527336860670194,3.9494470774091623,0.004070695102685624,0.1111111111111111,0.13107144900904796
cooperativa,Grupo Cooperativa,cersad,COOPERATIVA DE DISTRIBUIÇÃO DE ENERGIA ELÉTRICA SALTO DONNER,grupo_a,0,0,0.0,50640,,0.0,0.0,0.0,0.0
cooperativa,Grupo Cooperativa,cersad,COOPERATIVA DE DISTRIBUIÇÃO DE ENERGIA ELÉTRICA SALTO DONNER,urbana,0,0,0.0,50640,,0.0,0.0,0.0,0.0
cooperativa,Grupo Cooperativa,certhil,COOPERATIVA DE DISTRIBUIÇÃO DE ENERGIA ENTRE RIOS LTDA,nao_classificado,68493,35,2550.1800000000003,320497,0.0005110011242024733,10.920539037806906,0.007956954355266978,0.6730769230769231,0.7683741446791587
cooperativa,Grupo Cooperativa,certhil,COOPERATIVA DE DISTRIBUIÇÃO DE ENERGIA ENTRE RIOS LTDA,rural,3151,17,768.75,320497,0.005395112662646779,5.304261818363354,0.002398618395804017,0.3269230769230769,0.23162585532084135
cooperativa,Grupo Cooperativa,certhil,COOPERATIVA DE DISTRIBUIÇÃO DE ENERGIA ENTRE RIOS LTDA,grupo_a,0,0,0.0,320497,,0.0,0.0,0.0,0.0
cooperativa,Grupo Cooperativa,certhil,COOPERATIVA DE DISTRIBUIÇÃO DE ENERGIA ENTRE RIOS LTDA,urbana,0,0,0.0,320497,,0.0,0.0,0.0,0.0
cooperativa,Grupo Cooperativa,cerfox,COOPERATIVA DE DISTRIBUIÇÃO DE ENERGIA FONTOURA XAVIER,nao_classificado,86906,190,6137.8,589914,0.0021862702229995625,32.2080845682591,0.010404567445424248,0.7224334600760456,0.3495937506229727
cooperativa,Grupo Cooperativa,cerfox,COOPERATIVA DE DISTRIBUIÇÃO DE ENERGIA FONTOURA XAVIER,rural,4871,56,10781.82,589914,0.011496612605214535,9.492909135907945,0.018276935282091965,0.21292775665399238,0.6141055251624001
cooperativa,Grupo Cooperativa,cerfox,COOPERATIVA DE DISTRIBUIÇÃO DE ENERGIA FONTOURA XAVIER,urbana,2383,17,637.3299999999999,589914,0.007133864876206463,2.8817759876863405,0.001080377817783609,0.06463878326996197,0.03630072421462726
cooperativa,Grupo Cooperativa,cerfox,COOPERATIVA DE DISTRIBUIÇÃO DE ENERGIA FONTOURA XAVIER,grupo_a,0,0,0.0,589914,,0.0,0.0,0.0,0.0
cooperativa,Grupo Cooperativa,certel_energia,COOPERATIVA DE DISTRIBUIÇÃO DE ENERGIA TEUTÔNIA,nao_classificado,391679,154,7862.9800000000005,2702312,0.0003931791084025439,5.698823821971704,0.0029097232295900695,0.4624624624624625,0.04754617457006673
cooperativa,Grupo Cooperativa,certel_energia,COOPERATIVA DE DISTRIBUIÇÃO DE ENERGIA TEUTÔNIA,rural,6531,112,88575.81,2702312,0.01714898177920686,4.144599143252148,0.032777788057041526,0.33633633633633636,0.5356036674320757
cooperativa,Grupo Cooperativa,certel_energia,COOPERATIVA DE DISTRIBUIÇÃO DE ENERGIA TEUTÔNIA,urbana,30512,67,68936.87,2702312,0.002195857367593078,2.4793584160526243,0.025510329673257566,0.2012012012012012,0.41685015799785774
cooperativa,Grupo Cooperativa,certel_energia,COOPERATIVA DE DISTRIBUIÇÃO DE ENERGIA TEUTÔNIA,grupo_a,0,0,0.0,2702312,,0.0,0.0,0.0,0.0
cooperativa,Grupo Cooperativa,cermissoes,COOPERATIVA DE DISTRIBUIÇÃO E GERAÇÃO DE ENERGIA DAS MISSÕES,nao_classificado,192159,340,59858.15,1033823,0.001769368075395896,32.88764130803822,0.05789980489890436,0.633147113594041,0.6868197781294724
cooperativa,Grupo Cooperativa,cermissoes,COOPERATIVA DE DISTRIBUIÇÃO E GERAÇÃO DE ENERGIA DAS MISSÕES,urbana,28461,114,19592.58,1033823,0.004005481184779171,11.02703267387164,0.018951580686442458,0.2122905027932961,0.22480767361811113
cooperativa,Grupo Cooperativa,cermissoes,COOPERATIVA DE DISTRIBUIÇÃO E GERAÇÃO DE ENERGIA DAS MISSÕES,rural,28500,83,7701.9,1033823,0.002912280701754386,8.02845361343286,0.007449921311481753,0.15456238361266295,0.08837254825241647
cooperativa,Grupo Cooperativa,cermissoes,COOPERATIVA DE DISTRIBUIÇÃO E GERAÇÃO DE ENERGIA DAS MISSÕES,grupo_a,0,0,0.0,1033823,,0.0,0.0,0.0,0.0
cooperativa,Grupo Cooperativa,cersul,COOPERATIVA DE DISTRIBUIÇÃOI DE ENERGIA,nao_classificado,196830,40,7637.72,673930,0.00020322105370116343,5.935334530292463,0.01133310581217634,0.975609756097561,1.0
cooperativa,Grupo Cooperativa,cersul,COOPERATIVA DE DISTRIBUIÇÃOI DE ENERGIA,rural,3439,1,0.0,673930,0.0002907822041291073,0.1483833632573116,0.0,0.024390243902439025,0.0
cooperativa,Grupo Cooperativa,cersul,COOPERATIVA DE DISTRIBUIÇÃOI DE ENERGIA,grupo_a,0,0,0.0,673930,,0.0,0.0,0.0,0.0
cooperativa,Grupo Cooperativa,cersul,COOPERATIVA DE DISTRIBUIÇÃOI DE ENERGIA,urbana,3506,0,0.0,673930,0.0,0.0,0.0,0.0,0.0
cooperativa,Grupo Cooperativa,cergral,COOPERATIVA DE ELETRICIDADE DE GRAVATAL,urbana,3524,48,3201.97,253393,0.01362088535754824,18.942906867987674,0.012636379063352183,0.5052631578947369,0.829338983182547
cooperativa,Grupo Cooperativa,cergral,COOPERATIVA DE ELETRICIDADE DE GRAVATAL,nao_classificado,77859,37,658.8999999999999,253393,0.00047521802232240333,14.60182404407383,0.0026003086115243905,0.3894736842105263,0.17066101681745302
cooperativa,Grupo Cooperativa,cergral,COOPERATIVA DE ELETRICIDADE DE GRAVATAL,rural,4645,10,0.0,253393,0.002152852529601722,3.946438930830765,0.0,0.10526315789473684,0.0
cooperativa,Grupo Cooperativa,cergral,COOPERATIVA DE ELETRICIDADE DE GRAVATAL,grupo_a,0,0,0.0,253393,,0.0,0.0,0.0,0.0
cooperativa,Grupo Cooperativa,cergapa,COOPERATIVA DE ELETRICIDADE DE GRÃO PARÁ,nao_classificado,8454,6,0.0,144743,0.0007097232079489,4.145278182710045,0.0,1.0,0.0
cooperativa,Grupo Cooperativa,cergapa,COOPERATIVA DE ELETRICIDADE DE GRÃO PARÁ,grupo_a,0,0,0.0,144743,,0.0,0.0,0.0,0.0
cooperativa,Grupo Cooperativa,cergapa,COOPERATIVA DE ELETRICIDADE DE GRÃO PARÁ,rural,730,0,1.0,144743,0.0,0.0,6.908796971183408e-06,0.0,1.0
cooperativa,Grupo Cooperativa,cergapa,COOPERATIVA DE ELETRICIDADE DE GRÃO PARÁ,urbana,575,0,0.0,144743,0.0,0.0,0.0,0.0,0.0
cooperativa,Grupo Cooperativa,cegero,COOPERATIVA DE ELETRICIDADE DE SÃO LUDGERO,nao_classificado,49818,36,0.0,256349,0.0007226303745634108,14.043354957499345,0.0,0.9230769230769231,0.0
cooperativa,Grupo Cooperativa,cegero,COOPERATIVA DE ELETRICIDADE DE SÃO LUDGERO,urbana,3145,3,823.53,256349,0.0009538950715421304,1.1702795797916123,0.0032125344744859544,0.07692307692307693,1.0
cooperativa,Grupo Cooperativa,cegero,COOPERATIVA DE ELETRICIDADE DE SÃO LUDGERO,grupo_a,0,0,0.0,256349,,0.0,0.0,0.0,0.0
cooperativa,Grupo Cooperativa,cegero,COOPERATIVA DE ELETRICIDADE DE SÃO LUDGERO,rural,597,0,0.0,256349,0.0,0.0,0.0,0.0,0.0
cooperativa,Grupo Cooperativa,cejama,COOPERATIVA DE ELETRICIDADE JACINTO MACHADO,nao_classificado,17074,13,404.01,208847,0.0007613915895513647,6.2246524968038806,0.0019344783501797967,0.5909090909090909,0.48882032667876585
cooperativa,Grupo Cooperativa,cejama,COOPERATIVA DE ELETRICIDADE JACINTO MACHADO,rural,977,5,201.52,208847,0.00511770726714432,2.3940971141553384,0.0009649169008891678,0.22727272727272727,0.24382335148215367
cooperativa,Grupo Cooperativa,cejama,COOPERATIVA DE ELETRICIDADE JACINTO MACHADO,urbana,1556,4,220.97,208847,0.002570694087403599,1.9152776913242708,0.0010580472786298103,0.18181818181818182,0.2673563218390805
cooperativa,Grupo Cooperativa,cejama,COOPERATIVA DE ELETRICIDADE JACINTO MACHADO,grupo_a,0,0,0.0,208847,,0.0,0.0,0.0,0.0
cooperativa,Grupo Cooperativa,ceprag,COOPERATIVA DE ELETRICIDADE PRAIA GRANDE,nao_classificado,189653,106,9561.12,788210,0.000558915493032011,13.448192740513315,0.012130168356148743,0.7571428571428571,0.898947902857304
cooperativa,Grupo Cooperativa,ceprag,COOPERATIVA DE ELETRICIDADE PRAIA GRANDE,urbana,13831,18,962.24,788210,0.001301424336635095,2.283655371030563,0.001220791413455805,0.12857142857142856,0.09047095215261519
cooperativa,Grupo Cooperativa,ceprag,COOPERATIVA DE ELETRICIDADE PRAIA GRANDE,rural,4817,16,112.54,788210,0.003321569441561138,2.0299158853605004,0.0001427792085865442,0.11428571428571428,0.010581144990080763
cooperativa,Grupo Cooperativa,ceprag,COOPERATIVA DE ELETRICIDADE PRAIA GRANDE,grupo_a,0,0,0.0,788210,,0.0,0.0,0.0,0.0
cooperativa,Grupo Cooperativa,celetro,COOPERATIVA DE ELETRIFICAÇÃO CENTRO JACUÍ LTDA.,nao_classificado,105345,98,947.13,868854,0.0009302767098580854,11.279225278355167,0.0010900910854988294,0.7205882352941176,0.22815482528196257
cooperativa,Grupo Cooperativa,celetro,COOPERATIVA DE ELETRIFICAÇÃO CENTRO JACUÍ LTDA.,rural,7970,31,2691.59,868854,0.0038895859473023838,3.5679182002960226,0.0030978622415273453,0.22794117647058823,0.6483790463618275
cooperativa,Grupo Cooperativa,celetro,COOPERATIVA DE ELETRIFICAÇÃO CENTRO JACUÍ LTDA.,urbana,2312,7,512.54,868854,0.003027681660899654,0.8056589484539406,0.0005899034820579752,0.051470588235294115,0.1234661283562099
cooperativa,Grupo Cooperativa,celetro,COOPERATIVA DE ELETRIFICAÇÃO CENTRO JACUÍ LTDA.,grupo_a,0,0,0.0,868854,,0.0,0.0,0.0,0.0
cooperativa,Grupo Cooperativa,cedrap,COOPERATIVA DE ELETRIFICAÇÃO DA REGIÃO DO ALTO DA PARAÍBA,nao_classificado,34724,52,1206.15,282300,0.0014975233268056676,18.420120439249025,0.004272582359192349,0.7536231884057971,0.3110983294085482
cooperativa,Grupo Cooperativa,cedrap,COOPERATIVA DE ELETRIFICAÇÃO DA REGIÃO DO ALTO DA PARAÍBA,rural,4074,16,2670.92,282300,0.0039273441335297005,5.667729365922777,0.00946128232376904,0.2318840579710145,0.6889016705914518
cooperativa,Grupo Cooperativa,cedrap,COOPERATIVA DE ELETRIFICAÇÃO DA REGIÃO DO ALTO DA PARAÍBA,urbana,496,1,0.0,282300,0.0020161290322580645,0.35423308537017356,0.0,0.014492753623188406,0.0
cooperativa,Grupo Cooperativa,cedrap,COOPERATIVA DE ELETRIFICAÇÃO DA REGIÃO DO ALTO DA PARAÍBA,grupo_a,0,0,0.0,282300,,0.0,0.0,0.0,0.0
cooperativa,Grupo Cooperativa,cerbranorte,COOPERATIVA DE ELETRIFICAÇÃO DE BRAÇO DO NORTE,nao_classificado,189123,47,8100.94,659056,0.0002485155163570798,7.131412201694545,0.012291732417275618,0.9591836734693877,0.9295633395220534
cooperativa,Grupo Cooperativa,cerbranorte,COOPERATIVA DE ELETRIFICAÇÃO DE BRAÇO DO NORTE,rural,1569,1,186.64,659056,0.0006373486297004461,0.15173217450413926,0.0002831929304945255,0.02040816326530612,0.021416490146624473
cooperativa,Grupo Cooperativa,cerbranorte,COOPERATIVA DE ELETRIFICAÇÃO DE BRAÇO DO NORTE,urbana,10878,1,427.2,659056,9.192866335723479e-05,0.15173217450413926,0.0006481998494816828,0.02040816326530612,0.049020170331322194
cooperativa,Grupo Cooperativa,cerbranorte,COOPERATIVA DE ELETRIFICAÇÃO DE BRAÇO DO NORTE,grupo_a,0,0,0.0,659056,,0.0,0.0,0.0,0.0
cooperativa,Grupo Cooperativa,cetril,COOPERATIVA DE ELETRIFICAÇÃO DE IBIÚNA E REGIÃO,nao_classificado,269463,126,4195.110000000001,1191626,0.0004675966644771267,10.573787413164869,0.0035204921678446094,0.8873239436619719,0.9431855227628878
cooperativa,Grupo Cooperativa,cetril,COOPERATIVA DE ELETRIFICAÇÃO DE IBIÚNA E REGIÃO,rural,26367,16,252.7,1191626,0.0006068191299730724,1.3427031635764912,0.00021206318089736208,0.11267605633802817,0.056814477237112186
cooperativa,Grupo Cooperativa,cetril,COOPERATIVA DE ELETRIFICAÇÃO DE IBIÚNA E REGIÃO,grupo_a,0,0,0.0,1191626,,0.0,0.0,0.0,0.0
cooperativa,Grupo Cooperativa,cetril,COOPERATIVA DE ELETRIFICAÇÃO DE IBIÚNA E REGIÃO,urbana,0,0,0.0,1191626,,0.0,0.0,0.0,0.0
cooperativa,Grupo Cooperativa,cerpalo,COOPERATIVA DE ELETRIFICAÇÃO DE PAULO LOPES,nao_classificado,254853,20,0.0,624505,7.847661200770641e-05,3.202536408835798,0.0,0.7407407407407407,
cooperativa,Grupo Cooperativa,cerpalo,COOPERATIVA DE ELETRIFICAÇÃO DE PAULO LOPES,urbana,14027,6,0.0,624505,0.00042774648891423685,0.9607609226507393,0.0,0.2222222222222222,
cooperativa,Grupo Cooperativa,cerpalo,COOPERATIVA DE ELETRIFICAÇÃO DE PAULO LOPES,rural,1002,1,0.0,624505,0.000998003992015968,0.1601268204417899,0.0,0.037037037037037035,
cooperativa,Grupo Cooperativa,cerpalo,COOPERATIVA DE ELETRIFICAÇÃO DE PAULO LOPES,grupo_a,0,0,0.0,624505,,0.0,0.0,0.0,
cooperativa,Grupo Cooperativa,cerim,COOPERATIVA DE ELETRIFICAÇÃO E DESENVOLVIMENTO DA REGIÃO DE ITU-MAIRINQUE,nao_classificado,143651,38,5267.44,583080,0.00026453000675247647,6.517116004664883,0.009033820402003154,0.6129032258064516,0.5944145274646901
cooperativa,Grupo Cooperativa,cerim,COOPERATIVA DE ELETRIFICAÇÃO E DESENVOLVIMENTO DA REGIÃO DE ITU-MAIRINQUE,urbana,8909,21,3046.66,583080,0.0023571669098664274,3.6015641078411194,0.005225114907045345,0.3387096774193548,0.3438062824152858
cooperativa,Grupo Cooperativa,cerim,COOPERATIVA DE ELETRIFICAÇÃO E DESENVOLVIMENTO DA REGIÃO DE ITU-MAIRINQUE,rural,4965,3,547.46,583080,0.0006042296072507553,0.514509158263017,0.0009389106126089045,0.04838709677419355,0.06177919012002402
cooperativa,Grupo Cooperativa,cerim,COOPERATIVA DE ELETRIFICAÇÃO E DESENVOLVIMENTO DA REGIÃO DE ITU-MAIRINQUE,grupo_a,0,0,0.0,583080,,0.0,0.0,0.0,0.0
cooperativa,Grupo Cooperativa,cermc,COOPERATIVA DE ELETRIFICAÇÃO E DESENVOLVIMENTO DA REGIÃO DE MOGI DAS CRUZES,nao_classificado,34029,86,0.0,127202,0.002527256163860237,67.6089998584928,0.0,0.8865979381443299,
cooperativa,Grupo Cooperativa,cermc,COOPERATIVA DE ELETRIFICAÇÃO E DESENVOLVIMENTO DA REGIÃO DE MOGI DAS CRUZES,rural,1115,8,0.0,127202,0.007174887892376682,6.28920928916212,0.0,0.08247422680412371,
cooperativa,Grupo Cooperativa,cermc,COOPERATIVA DE ELETRIFICAÇÃO E DESENVOLVIMENTO DA REGIÃO DE MOGI DAS CRUZES,urbana,802,3,0.0,127202,0.003740648379052369,2.358453483435795,0.0,0.030927835051546393,
cooperativa,Grupo Cooperativa,cermc,COOPERATIVA DE ELETRIFICAÇÃO E DESENVOLVIMENTO DA REGIÃO DE MOGI DAS CRUZES,grupo_a,0,0,0.0,127202,,0.0,0.0,0.0,
cooperativa,Grupo Cooperativa,cemirim,COOPERATIVA DE ELETRIFICAÇÃO E DESENVOLVIMENTO DA REGIÃO DE MOGI MIRIM,nao_classificado,109562,153,6025.17,621610,0.0013964695788685859,24.613503643763778,0.009692845996686026,0.8547486033519553,0.7584334793932199
cooperativa,Grupo Cooperativa,cemirim,COOPERATIVA DE ELETRIFICAÇÃO E DESENVOLVIMENTO DA REGIÃO DE MOGI MIRIM,urbana,11014,22,1448.3000000000002,621610,0.0019974577810059923,3.5391966023712618,0.002329917472370136,0.12290502793296089,0.18230841755588648
cooperativa,Grupo Cooperativa,cemirim,COOPERATIVA DE ELETRIFICAÇÃO E DESENVOLVIMENTO DA REGIÃO DE MOGI MIRIM,rural,3061,4,470.76,621610,0.0013067624959163672,0.6434902913402294,0.000757323723878316,0.0223463687150838,0.05925810305089354
cooperativa,Grupo Cooperativa,cemirim,COOPERATIVA DE ELETRIFICAÇÃO E DESENVOLVIMENTO DA REGIÃO DE MOGI MIRIM,grupo_a,0,0,0.0,621610,,0.0,0.0,0.0,0.0
cooperativa,Grupo Cooperativa,cerrp,COOPERATIVA DE ELETRIFICAÇÃO E DESENVOLVIMENTO DA REGIÃO DE SÃO JOSÉ DO RIO PRETO,nao_classificado,40310,22,0.0,145125,0.0005457702803274622,15.15934539190353,0.0,0.9565217391304348,
cooperativa,Grupo Cooperativa,cerrp,COOPERATIVA DE ELETRIFICAÇÃO E DESENVOLVIMENTO DA REGIÃO DE SÃO JOSÉ DO RIO PRETO,urbana,177,1,0.0,145125,0.005649717514124294,0.6890611541774332,0.0,0.043478260869565216,
cooperativa,Grupo Cooperativa,cerrp,COOPERATIVA DE ELETRIFICAÇÃO E DESENVOLVIMENTO DA REGIÃO DE SÃO JOSÉ DO RIO PRETO,grupo_a,0,0,0.0,145125,,0.0,0.0,0.0,
cooperativa,Grupo Cooperativa,cerrp,COOPERATIVA DE ELETRIFICAÇÃO E DESENVOLVIMENTO DA REGIÃO DE SÃO JOSÉ DO RIO PRETO,rural,1886,0,0.0,145125,0.0,0.0,0.0,0.0,
cooperativa,Grupo Cooperativa,cercos,COOPERATIVA DE ELETRIFICAÇÃO E DESENVOLVIMENTO RURAL CENTRO SUL DE SERGIPE LTDA,nao_classificado,7487,96,36285.52,254619,0.012822225190329906,37.70339212706043,0.14250908219732225,0.8648648648648649,0.8647194057316837
cooperativa,Grupo Cooperativa,cercos,COOPERATIVA DE ELETRIFICAÇÃO E DESENVOLVIMENTO RURAL CENTRO SUL DE SERGIPE LTDA,rural,3531,15,5676.67,254619,0.004248088360237893,5.891155019853192,0.022294761977700014,0.13513513513513514,0.13528059426831632
cooperativa,Grupo Cooperativa,cernhe,COOPERATIVA DE ELETRIFICAÇÃO E DESENVOLVIMENTO RURAL DA REGIÃO DE NOVO HORIZONTE,nao_classificado,28672,50,424.7,171300,0.0017438616071428572,29.18855808523059,0.002479276123759486,0.9803921568627451,1.0
cooperativa,Grupo Cooperativa,cernhe,COOPERATIVA DE ELETRIFICAÇÃO E DESENVOLVIMENTO RURAL DA REGIÃO DE NOVO HORIZONTE,rural,995,1,0.0,171300,0.0010050251256281408,0.5837711617046117,0.0,0.0196078431372549,0.0
cooperativa,Grupo Cooperativa,cernhe,COOPERATIVA DE ELETRIFICAÇÃO E DESENVOLVIMENTO RURAL DA REGIÃO DE NOVO HORIZONTE,grupo_a,0,0,0.0,171300,,0.0,0.0,0.0,0.0
cooperativa,Grupo Cooperativa,cernhe,COOPERATIVA DE ELETRIFICAÇÃO E DESENVOLVIMENTO RURAL DA REGIÃO DE NOVO HORIZONTE,urbana,0,0,0.0,171300,,0.0,0.0,0.0,0.0
cooperativa,Grupo Cooperativa,cedri,COOPERATIVA DE ELETRIFICAÇÃO E DISTRIBUIÇÃO DA REGIÃO DE ITARIRI,nao_classificado,31050,34,5444.67,128121,0.0010950080515297906,26.537413850969006,0.04249631207998689,0.8292682926829268,0.9168905003039646
cooperativa,Grupo Cooperativa,cedri,COOPERATIVA DE ELETRIFICAÇÃO E DISTRIBUIÇÃO DA REGIÃO DE ITARIRI,urbana,260,4,214.39,128121,0.015384615384615385,3.1220486883492953,0.0016733400457380131,0.0975609756097561,0.036103593856040304
cooperativa,Grupo Cooperativa,cedri,COOPERATIVA DE ELETRIFICAÇÃO E DISTRIBUIÇÃO DA REGIÃO DE ITARIRI,rural,429,3,279.13,128121,0.006993006993006993,2.341536516261971,0.0021786436259473465,0.07317073170731707,0.04700590583999501
cooperativa,Grupo Cooperativa,cedri,COOPERATIVA DE ELETRIFICAÇÃO E DISTRIBUIÇÃO DA REGIÃO DE ITARIRI,grupo_a,0,0,0.0,128121,,0.0,0.0,0.0,0.0
cooperativa,Grupo Cooperativa,coopermila,COOPERATIVA DE ELETRIFICAÇÃO LAURO MÜLLER,nao_classificado,2331,9,2804.04,51338,0.003861003861003861,17.530873816666016,0.054619190463204646,0.6923076923076923,0.8671358947081963
cooperativa,Grupo Cooperativa,coopermila,COOPERATIVA DE ELETRIFICAÇÃO LAURO MÜLLER,rural,378,4,429.64,51338,0.010582010582010581,7.791499474073786,0.008368849585102653,0.3076923076923077,0.13286410529180376
cooperativa,Grupo Cooperativa,coopermila,COOPERATIVA DE ELETRIFICAÇÃO LAURO MÜLLER,grupo_a,0,0,0.0,51338,,0.0,0.0,0.0,0.0
cooperativa,Grupo Cooperativa,coopermila,COOPERATIVA DE ELETRIFICAÇÃO LAURO MÜLLER,urbana,0,0,0.0,51338,,0.0,0.0,0.0,0.0
cooperativa,Grupo Cooperativa,cergal,COOPERATIVA DE ELETRIFICAÇÃO RURAL ANITA GARIBALDI LTDA,nao_classificado,150373,48,4134.46,742544,0.00031920624048200144,6.46426339718589,0.005567966342735245,0.5714285714285714,0.6902881223213406
cooperativa,Grupo Cooperativa,cergal,COOPERATIVA DE ELETRIFICAÇÃO RURAL ANITA GARIBALDI LTDA,urbana,8138,32,1855.01,742544,0.00393217006635537,4.309508931457261,0.0024981819259195415,0.38095238095238093,0.3097118776786594
cooperativa,Grupo Cooperativa,cergal,COOPERATIVA DE ELETRIFICAÇÃO RURAL ANITA GARIBALDI LTDA,rural,1985,4,0.0,742544,0.0020151133501259445,0.5386886164321576,0.0,0.047619047619047616,0.0
cooperativa,Grupo Cooperativa,cergal,COOPERATIVA DE ELETRIFICAÇÃO RURAL ANITA GARIBALDI LTDA,grupo_a,0,0,0.0,742544,,0.0,0.0,0.0,0.0
cooperativa,Grupo Cooperativa,cerci,COOPERATIVA DE ELETRIFICAÇÃO RURAL CACHOEIRAS- ITABORAÍ LTDA,nao_classificado,131766,953,389.24,652316,0.0072325182520528815,146.09483747140956,0.0005967046646104036,0.9875647668393782,0.9361231361231361
cooperativa,Grupo Cooperativa,cerci,COOPERATIVA DE ELETRIFICAÇÃO RURAL CACHOEIRAS- ITABORAÍ LTDA,urbana,8238,8,19.19,652316,0.0009711094925952901,1.2263994751010245,2.9418257408985832e-05,0.008290155440414507,0.04615199615199615
cooperativa,Grupo Cooperativa,cerci,COOPERATIVA DE ELETRIFICAÇÃO RURAL CACHOEIRAS- ITABORAÍ LTDA,rural,4910,4,7.37,652316,0.000814663951120163,0.6131997375505123,1.129820516436819e-05,0.004145077720207254,0.017724867724867723
cooperativa,Grupo Cooperativa,ceris,COOPERATIVA DE ELETRIFICAÇÃO RURAL DA REGIÃO DE ITAPECERICA DA SERRA,nao_classificado,70809,13,570.9399999999999,261240,0.00018359248118177067,4.976267034144848,0.0021854999234420455,0.5909090909090909,0.7087227994389206
cooperativa,Grupo Cooperativa,ceris,COOPERATIVA DE ELETRIFICAÇÃO RURAL DA REGIÃO DE ITAPECERICA DA SERRA,urbana,734,6,57.64,261240,0.008174386920980926,2.296738631143776,0.0002206400244985454,0.2727272727272727,0.07155004406708128
cooperativa,Grupo Cooperativa,ceris,COOPERATIVA DE ELETRIFICAÇÃO RURAL DA REGIÃO DE ITAPECERICA DA SERRA,rural,2354,3,177.01,261240,0.001274426508071368,1.148369315571888,0.0006775761751645996,0.13636363636363635,0.2197271564939982
cooperativa,Grupo Cooperativa,ceris,COOPERATIVA DE ELETRIFICAÇÃO RURAL DA REGIÃO DE ITAPECERICA DA SERRA,grupo_a,0,0,0.0,261240,,0.0,0.0,0.0,0.0
cooperativa,Grupo Cooperativa,cerpro,COOPERATIVA DE ELETRIFICAÇÃO RURAL DA REGIÃO DE PROMISSÃO,nao_classificado,12279,6,597.1600000000001,75785,0.0004886391399951136,7.917133997492908,0.00787965956323811,0.8571428571428571,0.8392854633104243
cooperativa,Grupo Cooperativa,cerpro,COOPERATIVA DE ELETRIFICAÇÃO RURAL DA REGIÃO DE PROMISSÃO,rural,503,1,114.35,75785,0.0019880715705765406,1.3195223329154846,0.0015088737876888566,0.14285714285714285,0.16071453668957567
cooperativa,Grupo Cooperativa,cerpro,COOPERATIVA DE ELETRIFICAÇÃO RURAL DA REGIÃO DE PROMISSÃO,grupo_a,0,0,0.0,75785,,0.0,0.0,0.0,0.0
cooperativa,Grupo Cooperativa,cerpro,COOPERATIVA DE ELETRIFICAÇÃO RURAL DA REGIÃO DE PROMISSÃO,urbana,309,0,0.0,75785,0.0,0.0,0.0,0.0,0.0
cooperativa,Grupo Cooperativa,ceral_araruama,COOPERATIVA DE ELETRIFICAÇÃO RURAL DE ARARUAMA,nao_classificado,88868,30,3461.3199999999997,280084,0.0003375793311428186,10.711072392567944,0.012358149697947757,0.8571428571428571,0.9288568415346592
cooperativa,Grupo Cooperativa,ceral_araruama,COOPERATIVA DE ELETRIFICAÇÃO RURAL DE ARARUAMA,urbana,983,3,265.11,280084,0.003051881993896236,1.0711072392567944,0.0009465374673312293,0.08571428571428572,0.07114315846534083
cooperativa,Grupo Cooperativa,ceral_araruama,COOPERATIVA DE ELETRIFICAÇÃO RURAL DE ARARUAMA,rural,4657,2,0.0,280084,0.00042946102641185313,0.714071492837863,0.0,0.05714285714285714,0.0
cooperativa,Grupo Cooperativa,ceral_araruama,COOPERATIVA DE ELETRIFICAÇÃO RURAL DE ARARUAMA,grupo_a,0,0,0.0,280084,,0.0,0.0,0.0,0.0
cooperativa,Grupo Cooperativa,ceripa,COOPERATIVA DE ELETRIFICAÇÃO RURAL DE ITAÍ-PARANAPANEMA-AVARÉ,nao_classificado,77581,8,0.0,259533,0.00010311803147677911,3.082459648676662,0.0,0.8888888888888888,
cooperativa,Grupo Cooperativa,ceripa,COOPERATIVA DE ELETRIFICAÇÃO RURAL DE ITAÍ-PARANAPANEMA-AVARÉ,urbana,3081,1,0.0,259533,0.0003245699448231094,0.3853074560845827,0.0,0.1111111111111111,
cooperativa,Grupo Cooperativa,ceripa,COOPERATIVA DE ELETRIFICAÇÃO RURAL DE ITAÍ-PARANAPANEMA-AVARÉ,grupo_a,0,0,0.0,259533,,0.0,0.0,0.0,
cooperativa,Grupo Cooperativa,ceripa,COOPERATIVA DE ELETRIFICAÇÃO RURAL DE ITAÍ-PARANAPANEMA-AVARÉ,rural,845,0,0.0,259533,0.0,0.0,0.0,0.0,
cooperativa,Grupo Cooperativa,ceres,COOPERATIVA DE ELETRIFICAÇÃO RURAL DE RESENDE LTDA.,nao_classificado,37430,217,580.7,215390,0.005797488645471547,100.74748131296718,0.0026960397418635965,0.8821138211382114,0.6647054783544333
cooperativa,Grupo Cooperativa,ceres,COOPERATIVA DE ELETRIFICAÇÃO RURAL DE RESENDE LTDA.,urbana,2849,28,208.96,215390,0.009828009828009828,12.999675008124797,0.0009701471748920563,0.11382113821138211,0.23918866326320368
cooperativa,Grupo Cooperativa,ceres,COOPERATIVA DE ELETRIFICAÇÃO RURAL DE RESENDE LTDA.,rural,949,1,83.96,215390,0.001053740779768177,0.46427410743302844,0.0003898045406007707,0.0040650406504065045,0.09610585838236303
cooperativa,Grupo Cooperativa,certrel,COOPERATIVA DE ENERGIA TREVISO,nao_classificado,34544,69,4618.110000000001,172855,0.0019974525243168133,39.917850221283736,0.026716670041364153,1.0,1.0
cooperativa,Grupo Cooperativa,certrel,COOPERATIVA DE ENERGIA TREVISO,grupo_a,0,0,0.0,172855,,0.0,0.0,0.0,0.0
cooperativa,Grupo Cooperativa,certrel,COOPERATIVA DE ENERGIA TREVISO,rural,1037,0,0.0,172855,0.0,0.0,0.0,0.0,0.0
cooperativa,Grupo Cooperativa,certrel,COOPERATIVA DE ENERGIA TREVISO,urbana,778,0,0.0,172855,0.0,0.0,0.0,0.0,0.0
cooperativa,Grupo Cooperativa,cervam,COOPERATIVA DE ENERGIZAÇÃO E DE DESENVOLVIMENTO DO VALE DO MOGI,nao_classificado,27002,35,0.0,172497,0.0012962002814606325,20.29020794564543,0.0,0.9210526315789473,0.0
cooperativa,Grupo Cooperativa,cervam,COOPERATIVA DE ENERGIZAÇÃO E DE DESENVOLVIMENTO DO VALE DO MOGI,urbana,2393,2,250.14,172497,0.0008357709987463436,1.159440454036882,0.001450112175863928,0.05263157894736842,1.0
cooperativa,Grupo Cooperativa,cervam,COOPERATIVA DE ENERGIZAÇÃO E DE DESENVOLVIMENTO DO VALE DO MOGI,rural,587,1,0.0,172497,0.0017035775127768314,0.579720227018441,0.0,0.02631578947368421,0.0
cooperativa,Grupo Cooperativa,cervam,COOPERATIVA DE ENERGIZAÇÃO E DE DESENVOLVIMENTO DO VALE DO MOGI,grupo_a,0,0,0.0,172497,,0.0,0.0,0.0,0.0
cooperativa,Grupo Cooperativa,cerej,COOPERATIVA DE PRESTAÇÃO DE SERVIÇOS PÚBLICOS DE DISTRIBUIÇÃO DE ENERGIA ELÉTRICA SENADOR ESTEVES JÚNIOR,nao_classificado,160845,221,17964.03,562097,0.001373993596319438,39.31705737621798,0.031958950145615436,0.9285714285714286,0.9180717867157832
cooperativa,Grupo Cooperativa,cerej,COOPERATIVA DE PRESTAÇÃO DE SERVIÇOS PÚBLICOS DE DISTRIBUIÇÃO DE ENERGIA ELÉTRICA SENADOR ESTEVES JÚNIOR,rural,3722,17,1603.1000000000001,562097,0.0045674368619022035,3.024389028939845,0.002851998854290274,0.07142857142857142,0.08192821328421697
cooperativa,Grupo Cooperativa,cerej,COOPERATIVA DE PRESTAÇÃO DE SERVIÇOS PÚBLICOS DE DISTRIBUIÇÃO DE ENERGIA ELÉTRICA SENADOR ESTEVES JÚNIOR,grupo_a,0,0,0.0,562097,,0.0,0.0,0.0,0.0
cooperativa,Grupo Cooperativa,cerej,COOPERATIVA DE PRESTAÇÃO DE SERVIÇOS PÚBLICOS DE DISTRIBUIÇÃO DE ENERGIA ELÉTRICA SENADOR ESTEVES JÚNIOR,urbana,1,0,0.0,562097,0.0,0.0,0.0,0.0,0.0
cooperativa,Grupo Cooperativa,cooperluz,COOPERATIVA DISTRIBUIDORA DE ENERGIA FRONTEIRA NOROESTE,nao_classificado,110169,10,857.79,622505,9.076963574145178e-05,1.6064127998971895,0.0013779648356238101,0.7142857142857143,0.726036209129305
cooperativa,Grupo Cooperativa,cooperluz,COOPERATIVA DISTRIBUIDORA DE ENERGIA FRONTEIRA NOROESTE,rural,2276,3,323.68,622505,0.0013181019332161687,0.4819238399691569,0.0005199636950707224,0.21428571428571427,0.273963790870695
cooperativa,Grupo Cooperativa,cooperluz,COOPERATIVA DISTRIBUIDORA DE ENERGIA FRONTEIRA NOROESTE,urbana,1630,1,0.0,622505,0.0006134969325153375,0.16064127998971894,0.0,0.07142857142857142,0.0
cooperativa,Grupo Cooperativa,cooperluz,COOPERATIVA DISTRIBUIDORA DE ENERGIA FRONTEIRA NOROESTE,grupo_a,0,0,0.0,622505,,0.0,0.0,0.0,0.0
cooperativa,Grupo Cooperativa,ceraca,COOPERATIVA DISTRIBUIDORA DE ENERGIA VALE DO ARAÇÁ,nao_classificado,93688,108,9265.57,474947,0.0011527623601741953,22.739379341273867,0.01950863991140064,0.6666666666666666,0.5153984232504093
cooperativa,Grupo Cooperativa,ceraca,COOPERATIVA DISTRIBUIDORA DE ENERGIA VALE DO ARAÇÁ,rural,2523,44,7635.46,474947,0.01743955608402695,9.264191583481946,0.016076446424548422,0.2716049382716049,0.4247233623826241
cooperativa,Grupo Cooperativa,ceraca,COOPERATIVA DISTRIBUIDORA DE ENERGIA VALE DO ARAÇÁ,urbana,1121,10,1076.46,474947,0.008920606601248885,2.105498087154988,0.002266484470898858,0.06172839506172839,0.0598782143669667
cooperativa,Grupo Cooperativa,ceraca,COOPERATIVA DISTRIBUIDORA DE ENERGIA VALE DO ARAÇÁ,grupo_a,76,0,0.0,474947,0.0,0.0,0.0,0.0,0.0
cooperativa,Grupo Cooperativa,coopercocal,COOPERATIVA ENERGÉTICA COCAL,nao_classificado,93744,5,1234.07,430989,5.333674688513398e-05,1.1601224161173487,0.002863344540115873,0.8333333333333334,1.0
cooperativa,Grupo Cooperativa,coopercocal,COOPERATIVA ENERGÉTICA COCAL,urbana,5023,1,0.0,430989,0.00019908421262193908,0.23202448322346975,0.0,0.16666666666666666,0.0
cooperativa,Grupo Cooperativa,coopercocal,COOPERATIVA ENERGÉTICA COCAL,grupo_a,0,0,0.0,430989,,0.0,0.0,0.0,0.0
cooperativa,Grupo Cooperativa,coopercocal,COOPERATIVA ENERGÉTICA COCAL,rural,1218,0,0.0,430989,0.0,0.0,0.0,0.0,0.0
cooperativa,Grupo Cooperativa,cermoful,COOPERATIVA FUMACENSE DE ELETRICIDADE,nao_classificado,108148,152,20371.18,576284,0.0014054813773717498,26.375884112694436,0.0353492028236078,0.8941176470588236,0.4701016948526731
cooperativa,Grupo Cooperativa,cermoful,COOPERATIVA FUMACENSE DE ELETRICIDADE,urbana,8931,18,22962.38,576284,0.002015451797111186,3.1234599607138143,0.03984559696260872,0.10588235294117647,0.5298983051473269
cooperativa,Grupo Cooperativa,cermoful,COOPERATIVA FUMACENSE DE ELETRICIDADE,grupo_a,0,0,0.0,576284,,0.0,0.0,0.0,0.0
cooperativa,Grupo Cooperativa,cermoful,COOPERATIVA FUMACENSE DE ELETRICIDADE,rural,614,0,0.0,576284,0.0,0.0,0.0,0.0,0.0
cooperativa,Grupo Cooperativa,coopera,COOPERATIVA PIONEIRA DE ELETRIFICAÇÃO,nao_classificado,275863,244,44197.24,1003026,0.000884497014822575,24.32638834885636,0.04406390263063968,0.8187919463087249,0.9273795485351943
cooperativa,Grupo Cooperativa,coopera,COOPERATIVA PIONEIRA DE ELETRIFICAÇÃO,urbana,17805,54,3460.96,1003026,0.0030328559393428814,5.383708896878047,0.0034505187303220455,0.18120805369127516,0.07262045146480564
cooperativa,Grupo Cooperativa,coopera,COOPERATIVA PIONEIRA DE ELETRIFICAÇÃO,grupo_a,0,0,0.0,1003026,,0.0,0.0,0.0,0.0
cooperativa,Grupo Cooperativa,coopera,COOPERATIVA PIONEIRA DE ELETRIFICAÇÃO,rural,1269,0,0.0,1003026,0.0,0.0,0.0,0.0,0.0
cooperativa,Grupo Cooperativa,coopernorte,COOPERATIVA REGIONAL DE DISTRIBUIÇÃO DE ENERGIA DO LITORAL NORTE,nao_classificado,174434,67,12692.64,256469,0.0003840994301569648,26.124014988166213,0.049489957850656414,0.5275590551181102,0.5621174443812126
cooperativa,Grupo Cooperativa,coopernorte,COOPERATIVA REGIONAL DE DISTRIBUIÇÃO DE ENERGIA DO LITORAL NORTE,rural,6751,58,9808.99,256469,0.008591319804473412,22.614818944979703,0.03824629877295112,0.4566929133858268,0.4344095783667441
cooperativa,Grupo Cooperativa,coopernorte,COOPERATIVA REGIONAL DE DISTRIBUIÇÃO DE ENERGIA DO LITORAL NORTE,urbana,52,2,78.42,256469,0.038461538461538464,0.7798213429303347,0.0003057679485629842,0.015748031496062992,0.0034729772520432863
cooperativa,Grupo Cooperativa,coopernorte,COOPERATIVA REGIONAL DE DISTRIBUIÇÃO DE ENERGIA DO LITORAL NORTE,grupo_a,0,0,0.0,256469,,0.0,0.0,0.0,0.0
cooperativa,Grupo Cooperativa,creral,COOPERATIVA REGIONAL DE ELETRIFICAÇÃO RURAL DO ALTO URUGUAI,nao_classificado,43908,133,8093.0,289697,0.003029060763414412,45.91003703869905,0.027936084943924168,0.7687861271676301,0.6761809354240105
cooperativa,Grupo Cooperativa,creral,COOPERATIVA REGIONAL DE ELETRIFICAÇÃO RURAL DO ALTO URUGUAI,urbana,529,21,787.21,289697,0.03969754253308128,7.248953216636693,0.002717356410318367,0.12138728323699421,0.06577244460337765
cooperativa,Grupo Cooperativa,creral,COOPERATIVA REGIONAL DE ELETRIFICAÇÃO RURAL DO ALTO URUGUAI,rural,924,19,3088.48,289697,0.020562770562770564,6.558576719814151,0.010661070014532426,0.10982658959537572,0.25804661997261186
cooperativa,Grupo Cooperativa,creral,COOPERATIVA REGIONAL DE ELETRIFICAÇÃO RURAL DO ALTO URUGUAI,grupo_a,0,0,0.0,289697,,0.0,0.0,0.0,0.0
cooperativa,Grupo Cooperativa,coopersul,COOPERATIVA REGIONAL DE ELETRIFICAÇÃO RURAL FRONTEIRA SUL LTDA,nao_classificado,52095,366,65207.68,167323,0.007025626259717823,218.7386073641998,0.38971139652050224,0.9838709677419355,0.9922321330615262
cooperativa,Grupo Cooperativa,coopersul,COOPERATIVA REGIONAL DE ELETRIFICAÇÃO RURAL FRONTEIRA SUL LTDA,urbana,656,6,510.49,167323,0.009146341463414634,3.5858788092491767,0.0030509254555560203,0.016129032258064516,0.007767866938473789
cooperativa,Grupo Cooperativa,coopersul,COOPERATIVA REGIONAL DE ELETRIFICAÇÃO RURAL FRONTEIRA SUL LTDA,grupo_a,0,0,0.0,167323,,0.0,0.0,0.0,0.0
cooperativa,Grupo Cooperativa,coopersul,COOPERATIVA REGIONAL DE ELETRIFICAÇÃO RURAL FRONTEIRA SUL LTDA,rural,872,0,0.0,167323,0.0,0.0,0.0,0.0,0.0
cooperativa,Grupo Cooperativa,ceriluz,COOPERATIVA REGIONAL DE ENERGIA E DESENVOLVIMENTO IJUÍ LTDA,nao_classificado,164397,25,4945.43,548962,0.00015207090153713268,4.554049278456432,0.009008692769262718,0.9259259259259259,0.9434440631146399
cooperativa,Grupo Cooperativa,ceriluz,COOPERATIVA REGIONAL DE ENERGIA E DESENVOLVIMENTO IJUÍ LTDA,urbana,721,2,296.46,548962,0.0027739251040221915,0.3643239422765146,0.0005400373796364776,0.07407407407407407,0.05655593688536004
cooperativa,Grupo Cooperativa,ceriluz,COOPERATIVA REGIONAL DE ENERGIA E DESENVOLVIMENTO IJUÍ LTDA,grupo_a,0,0,0.0,548962,,0.0,0.0,0.0,0.0
cooperativa,Grupo Cooperativa,ceriluz,COOPERATIVA REGIONAL DE ENERGIA E DESENVOLVIMENTO IJUÍ LTDA,rural,3204,0,0.0,548962,0.0,0.0,0.0,0.0,0.0
cooperativa,Grupo Cooperativa,certaja_energia,COOPERATIVA REGIONAL DE ENERGIA TAQUARI JACUÍ,nao_classificado,164160,101,2910.98,853337,0.0006152534113060429,11.835886642674582,0.003411290029613154,0.543010752688172,0.24539139817577935
cooperativa,Grupo Cooperativa,certaja_energia,COOPERATIVA REGIONAL DE ENERGIA TAQUARI JACUÍ,rural,16599,74,7907.42,853337,0.004458099885535273,8.671837738197219,0.00926646799564533,0.3978494623655914,0.6665840540859508
cooperativa,Grupo Cooperativa,certaja_energia,COOPERATIVA REGIONAL DE ENERGIA TAQUARI JACUÍ,urbana,4440,11,1044.2,853337,0.0024774774774774773,1.2890569610833704,0.001223666617057505,0.05913978494623656,0.08802454773826986
cooperativa,Grupo Cooperativa,certaja_energia,COOPERATIVA REGIONAL DE ENERGIA TAQUARI JACUÍ,grupo_a,0,0,0.0,853337,,0.0,0.0,0.0,0.0
cooperativa,Grupo Cooperativa,coorsel,COOPERATIVA REGIONAL SUL DE ELETRIFICAÇÃO RURAL,nao_classificado,54931,29,994.23,342178,0.0005279350457847117,8.47512113578313,0.002905592995458504,0.90625,0.9331725218925692
cooperativa,Grupo Cooperativa,coorsel,COOPERATIVA REGIONAL SUL DE ELETRIFICAÇÃO RURAL,rural,1128,3,71.2,342178,0.0026595744680851063,0.8767366692189444,0.00020807883616129618,0.09375,0.0668274781074308
cooperativa,Grupo Cooperativa,coorsel,COOPERATIVA REGIONAL SUL DE ELETRIFICAÇÃO RURAL,grupo_a,0,0,0.0,342178,,0.0,0.0,0.0,0.0
cooperativa,Grupo Cooperativa,coorsel,COOPERATIVA REGIONAL SUL DE ELETRIFICAÇÃO RURAL,urbana,1326,0,0.0,342178,0.0,0.0,0.0,0.0,0.0
cooperzem,Grupo Cooperzem,cooperzem,COOPERZEM COOPERATIVA DE DISTRIBUIÇÃO DE ENERGIA ELÉTRICA,rural,2808,1,0.0,301834,0.00035612535612535614,0.3313079374755661,0.0,0.5,
cooperzem,Grupo Cooperzem,cooperzem,COOPERZEM COOPERATIVA DE DISTRIBUIÇÃO DE ENERGIA ELÉTRICA,urbana,3077,1,0.0,301834,0.00032499187520311994,0.3313079374755661,0.0,0.5,
cooperzem,Grupo Cooperzem,cooperzem,COOPERZEM COOPERATIVA DE DISTRIBUIÇÃO DE ENERGIA ELÉTRICA,grupo_a,0,0,0.0,301834,,0.0,0.0,0.0,
cooperzem,Grupo Cooperzem,cooperzem,COOPERZEM COOPERATIVA DE DISTRIBUIÇÃO DE ENERGIA ELÉTRICA,nao_classificado,85919,0,0.0,301834,0.0,0.0,0.0,0.0,
copel,Grupo Copel,copel_dis,COPEL DISTRIBUIÇÃO S.A.,nao_classificado,69204900,20068,5252576.0024,189556944,0.00028997946677186156,10.586792325582122,0.02770975249738147,0.7036465638148668,0.7535310805468659
copel,Grupo Copel,copel_dis,COPEL DISTRIBUIÇÃO S.A.,urbana,2736897,7201,1331571.2101,189556944,0.0026310818419545932,3.79885845806841,0.007024650123606129,0.2524894810659187,0.19102632542837794
copel,Grupo Copel,copel_dis,COPEL DISTRIBUIÇÃO S.A.,rural,196047,1250,386469.04740000004,189556944,0.0063760220763388374,0.6594324500188187,0.0020388018462673676,0.0438288920056101,0.05544259402475618
copel,Grupo Copel,copel_dis,COPEL DISTRIBUIÇÃO S.A.,grupo_a,1228,1,0.0,189556944,0.0008143322475570033,0.0005275459600150549,0.0,3.506311360448808e-05,0.0
coprel,Grupo Coprel,coprel,COPREL COOPERATIVA DE ENERGIA,nao_classificado,44784,950,85302.54,1960848,0.02121293319042515,48.44842639511069,0.043502882426378786,0.6462585034013606,0.8151841444237762
coprel,Grupo Coprel,coprel,COPREL COOPERATIVA DE ENERGIA,rural,5730,352,15556.46,1141784,0.06143106457242583,30.828948382531195,0.01362469608962816,0.23945578231292516,0.1486635630704865
coprel,Grupo Coprel,coprel,COPREL COOPERATIVA DE ENERGIA,urbana,1832,168,3783.05,1141784,0.09170305676855896,14.7138162734808,0.0033132799198447344,0.11428571428571428,0.03615229250573742
departamento,Grupo Departamento,demei,DEPARTAMENTO MUNICIPAL DE ENERGIA DE IJUÍ,nao_classificado,225078,204,5520.8,1319497,0.0009063524644789806,15.46043681796927,0.004184018607090429,0.5257731958762887,0.22693323621559813
departamento,Grupo Departamento,demei,DEPARTAMENTO MUNICIPAL DE ENERGIA DE IJUÍ,urbana,29368,184,18807.059999999998,1319497,0.006265322800326887,13.944707718168363,0.01425320406185084,0.4742268041237113,0.7730667637844019
departamento,Grupo Departamento,demei,DEPARTAMENTO MUNICIPAL DE ENERGIA DE IJUÍ,grupo_a,0,0,0.0,1319497,,0.0,0.0,0.0,0.0
departamento,Grupo Departamento,demei,DEPARTAMENTO MUNICIPAL DE ENERGIA DE IJUÍ,rural,1,0,0.0,1319497,0.0,0.0,0.0,0.0,0.0
distribuidora,Grupo Distribuidora,dcelt,DISTRIBUIDORA CATARINENSE DE ENERGIA ELÉTRICA S/A.,nao_classificado,246052,3577,68786.32,1460985,0.014537577422658625,244.83482034380913,0.04708215347864626,0.8940264933766559,0.7108960911748469
distribuidora,Grupo Distribuidora,dcelt,DISTRIBUIDORA CATARINENSE DE ENERGIA ELÉTRICA S/A.,urbana,26181,374,15724.74,1460985,0.014285168633742027,25.59916768481538,0.010763108450805449,0.09347663084228942,0.16251278162199634
distribuidora,Grupo Distribuidora,dcelt,DISTRIBUIDORA CATARINENSE DE ENERGIA ELÉTRICA S/A.,rural,2331,50,12248.960000000001,1460985,0.02145002145002145,3.4223486209646237,0.008384042272850167,0.012496875781054736,0.12659112720315685
distribuidora,Grupo Distribuidora,dcelt,DISTRIBUIDORA CATARINENSE DE ENERGIA ELÉTRICA S/A.,grupo_a,0,0,0.0,1460985,,0.0,0.0,0.0,0.0
dme,Grupo DME,dmed,DME DISTRIBUIÇÃO S.A.,urbana,93469,4126,61900.28,3124592,0.04414297788571612,132.04924034881995,0.019810676081869247,0.8168679469411998,0.20504302190575
dme,Grupo DME,dmed,DME DISTRIBUIÇÃO S.A.,nao_classificado,856909,821,239159.82,3124592,0.0009580947335131268,26.275430520208722,0.07654113561066533,0.16254207087705405,0.7922105071452864
dme,Grupo DME,dmed,DME DISTRIBUIÇÃO S.A.,rural,1152,104,829.13,3124592,0.09027777777777778,3.3284345604162078,0.00026535624491133564,0.020589982181746187,0.0027464709489636316
dme,Grupo DME,dmed,DME DISTRIBUIÇÃO S.A.,grupo_a,0,0,0.0,3124592,,0.0,0.0,0.0,0.0
edp,Grupo EDP,edp_es,EDP ESPÍRITO SANTO DISTRIBUIÇÃO DE ENERGIA S.A.,nao_classificado,18618492,19227,13116993.13,65306097,0.001032682990652519,29.441355222928113,0.200854035573432,0.6554286688256349,0.7620350246562292
edp,Grupo EDP,edp_es,EDP ESPÍRITO SANTO DISTRIBUIÇÃO DE ENERGIA S.A.,urbana,1021670,8612,3105611.52,65306097,0.008429336282752747,13.187130138859777,0.04755469493147018,0.29357422873700356,0.180421284646649
edp,Grupo EDP,edp_es,EDP ESPÍRITO SANTO DISTRIBUIÇÃO DE ENERGIA S.A.,rural,99852,1493,990505.9099999999,65306097,0.014952129151143693,2.286157140886861,0.015167127657315057,0.05089483552070905,0.05754369069712173
edp,Grupo EDP,edp_es,EDP ESPÍRITO SANTO DISTRIBUIÇÃO DE ENERGIA S.A.,grupo_a,76,3,0.0,65306097,0.039473684210526314,0.004593751790127651,0.0,0.00010226691665246293,0.0
edp,Grupo EDP,edp_sp,EDP SÃO PAULO DISTRIBUIÇÃO DE ENERGIA S.A.,nao_classificado,23523721,24951,12823378.4551,81879061,0.001060674031969687,30.472992356373016,0.15661364820854504,0.7644067277350571,0.7945617736021601
edp,Grupo EDP,edp_sp,EDP SÃO PAULO DISTRIBUIÇÃO DE ENERGIA S.A.,urbana,1399376,7495,3084343.6015,81879061,0.00535595865585804,9.153744447557845,0.037669503824671366,0.22961919058852365,0.1911120014890961
edp,Grupo EDP,edp_sp,EDP SÃO PAULO DISTRIBUIÇÃO DE ENERGIA S.A.,rural,52059,194,170385.22,81879061,0.0037265410399738757,0.2369348129187754,0.0020809376404548655,0.005943445360129898,0.010557403657142434
edp,Grupo EDP,edp_sp,EDP SÃO PAULO DISTRIBUIÇÃO DE ENERGIA S.A.,grupo_a,228,1,60824.74999999999,81879061,0.0043859649122807015,0.0012213134686534814,0.0007428608640248084,3.063631628932937e-05,0.003768821251601367
elektro,Grupo Elektro,neoenergia_elektro,ELEKTRO REDES S.A.,nao_classificado,195278934,3783,1731968.65,108250967,1.937228928134153e-05,3.4946570038492126,0.01599956746806705,0.7505952380952381,0.782030051845738
elektro,Grupo Elektro,neoenergia_elektro,ELEKTRO REDES S.A.,urbana,1806064,1096,412313.36,108250967,0.0006068444972049717,1.0124620872901764,0.0038088653748469515,0.21746031746031746,0.18617048195271343
elektro,Grupo Elektro,neoenergia_elektro,ELEKTRO REDES S.A.,rural,117329,161,70426.55,108250967,0.001372209769110791,0.14872846355266278,0.0006505858742120983,0.03194444444444444,0.031799466201548436
elektro,Grupo Elektro,neoenergia_elektro,ELEKTRO REDES S.A.,grupo_a,532,0,0.0,108250967,0.0,0.0,0.0,0.0,0.0
eletropaulo,Grupo Eletropaulo,enel_sp,ELETROPAULO METROPOLITANA ELETRICIDADE DE SÃO PAULO S.A.,nao_classificado,110133142,44274,17816290.8298,304372250,0.00040200433035861267,14.54600411174146,0.05853454390076625,0.7062257740345504,0.5068665417532646
eletropaulo,Grupo Eletropaulo,enel_sp,ELETROPAULO METROPOLITANA ELETRICIDADE DE SÃO PAULO S.A.,urbana,4266178,18407,17330822.35,304372250,0.004314634785515278,6.047528971514322,0.05693956117878684,0.29361471343574036,0.49305515239971526
eletropaulo,Grupo Eletropaulo,enel_sp,ELETROPAULO METROPOLITANA ELETRICIDADE DE SÃO PAULO S.A.,grupo_a,267,10,0.0,304372250,0.03745318352059925,0.0032854506283013646,0.0,0.00015951252970920865,0.0
eletropaulo,Grupo Eletropaulo,enel_sp,ELETROPAULO METROPOLITANA ELETRICIDADE DE SÃO PAULO S.A.,rural,43,0,2752.44,304372250,0.0,0.0,9.043005727361808e-06,0.0,7.830584702006782e-05
empresa,Grupo Empresa,eflul,EMPRESA FORÇA E LUZ DE URUSSANGA LTDA.,nao_classificado,21352,449,127.95000000000002,274171,0.021028475084301237,163.7664085552447,0.00046667955400097027,0.9846491228070176,0.8793814432989691
empresa,Grupo Empresa,eflul,EMPRESA FORÇA E LUZ DE URUSSANGA LTDA.,urbana,3054,7,17.55,274171,0.0022920759659463,2.5531511356051517,6.40111463283863e-05,0.015350877192982455,0.12061855670103092
empresa,Grupo Empresa,eflul,EMPRESA FORÇA E LUZ DE URUSSANGA LTDA.,rural,437,0,0.0,274171,0.0,0.0,0.0,0.0,0.0
empresa,Grupo Empresa,joao_cesa,EMPRESA FORÇA E LUZ JOÃO CESA LTDA.,urbana,2666,17,114.25,145662,0.006376594148537134,11.670854443849459,0.0007843500707116475,0.6296296296296297,0.621329127691973
empresa,Grupo Empresa,joao_cesa,EMPRESA FORÇA E LUZ JOÃO CESA LTDA.,nao_classificado,11683,10,69.63,145662,0.0008559445347941454,6.865208496382036,0.00047802446760308105,0.37037037037037035,0.378670872308027
empresa,Grupo Empresa,santa_maria,EMPRESA LUZ E FORÇA SANTA MARIA S.A.,rural,20135,404,194608.27,5042474,0.020064564191705984,8.01194017063846,0.038593807325531075,0.5804597701149425,0.8129146429948407
empresa,Grupo Empresa,santa_maria,EMPRESA LUZ E FORÇA SANTA MARIA S.A.,nao_classificado,390418,207,24034.57,5042474,0.0005302009640948932,4.105127760698419,0.004766424179876783,0.2974137931034483,0.1003968325245608
empresa,Grupo Empresa,santa_maria,EMPRESA LUZ E FORÇA SANTA MARIA S.A.,urbana,54120,85,20752.86,5042474,0.0015705838876570585,1.6856804814462107,0.004115610710139507,0.1221264367816092,0.08668852448059845
empresa,Grupo Empresa,santa_maria,EMPRESA LUZ E FORÇA SANTA MARIA S.A.,grupo_a,1,0,0.0,5042474,0.0,0.0,0.0,0.0,0.0
energisa,Grupo Energisa,energisa_ac,ENERGISA ACRE - DISTRIBUIDORA DE ENERGIA S.A.,urbana,277199,9174,2089552.33,11347408,0.03309535748685962,80.84665678717113,0.1841435797496662,0.6025615763546798,0.516851808844013
energisa,Grupo Energisa,energisa_ac,ENERGISA ACRE - DISTRIBUIDORA DE ENERGIA S.A.,nao_classificado,604610,4346,1649717.31,11347408,0.007188104728668067,38.29949535612009,0.1453827437948825,0.28545155993431853,0.408058397730953
energisa,Grupo Energisa,energisa_ac,ENERGISA ACRE - DISTRIBUIDORA DE ENERGIA S.A.,rural,27860,1705,303576.48,11347408,0.061198851399856424,15.02545779617689,0.026752936000891125,0.11198686371100164,0.07508979342503394
energisa,Grupo Energisa,energisa_ac,ENERGISA ACRE - DISTRIBUIDORA DE ENERGIA S.A.,grupo_a,18,0,0.0,11347408,0.0,0.0,0.0,0.0,0.0
energisa,Grupo Energisa,energisa_mt,ENERGISA MATO GROSSO DISTRIBUIDORA DE ENERGIA S.A.,nao_classificado,5726701,30603,12409620.12,61952107,0.005343914410757608,49.39783565391892,0.2003098961589797,0.6121212121212121,0.5624279100065045
energisa,Grupo Energisa,energisa_mt,ENERGISA MATO GROSSO DISTRIBUIDORA DE ENERGIA S.A.,urbana,1809063,10870,6487252.26,61952107,0.006008635409601545,17.54581163801257,0.10471398914648697,0.21742174217421742,0.29401478006538473
energisa,Grupo Energisa,energisa_mt,ENERGISA MATO GROSSO DISTRIBUIDORA DE ENERGIA S.A.,rural,157349,8522,3167502.27,61952107,0.05415986120026184,13.755787192193479,0.051128241207357164,0.17045704570457046,0.14355730992811075
energisa,Grupo Energisa,energisa_mt,ENERGISA MATO GROSSO DISTRIBUIDORA DE ENERGIA S.A.,grupo_a,658,0,0.0,61952107,0.0,0.0,0.0,0.0,0.0
energisa,Grupo Energisa,energisa_ms,ENERGISA MATO GROSSO DO SUL DISTRIBUIDORA DE ENERGIA S.A.,nao_classificado,3806233,10679,4227280.63,45061443,0.0028056611353009654,23.69875283399158,0.09381147936163518,0.47689009958469164,0.4954164846641749
energisa,Grupo Energisa,energisa_ms,ENERGISA MATO GROSSO DO SUL DISTRIBUIDORA DE ENERGIA S.A.,urbana,1312908,9402,3154882.43,45061443,0.007161202460492282,20.864844474687594,0.07001290282692456,0.419863350154066,0.36973669358671607
energisa,Grupo Energisa,energisa_ms,ENERGISA MATO GROSSO DO SUL DISTRIBUIDORA DE ENERGIA S.A.,rural,100332,2312,1150618.47,45061443,0.023043495594625842,5.130772221386697,0.025534434616308225,0.10324655026124235,0.13484682174910906
energisa,Grupo Energisa,energisa_ms,ENERGISA MATO GROSSO DO SUL DISTRIBUIDORA DE ENERGIA S.A.,grupo_a,307,0,0.0,45061443,0.0,0.0,0.0,0.0,0.0
energisa,Grupo Energisa,energisa_minas_rio,ENERGISA MINAS RIO - DISTRIBUIDORA DE ENERGIA S.A.,nao_classificado,1147442,5890,967670.4128449999,22098886,0.0051331570571758744,26.65292721090104,0.04378819877368479,0.6488928059931696,0.5111046214384637
energisa,Grupo Energisa,energisa_minas_rio,ENERGISA MINAS RIO - DISTRIBUIDORA DE ENERGIA S.A.,urbana,447079,1741,596104.3,22098886,0.0038941663553868555,7.8782251738843305,0.02697440495416828,0.19180345929271786,0.31485065425694925
energisa,Grupo Energisa,energisa_minas_rio,ENERGISA MINAS RIO - DISTRIBUIDORA DE ENERGIA S.A.,rural,65083,1446,329517.52568254,22098886,0.022217783445753883,6.543316255851086,0.014911046904470208,0.1593037347141126,0.17404472430458698
energisa,Grupo Energisa,energisa_minas_rio,ENERGISA MINAS RIO - DISTRIBUIDORA DE ENERGIA S.A.,grupo_a,1,0,0.0,22098886,0.0,0.0,0.0,0.0,0.0
energisa,Grupo Energisa,energisa_pb,ENERGISA PARAÍBA DISTRIBUIDORA DE ENERGIA S.A.,nao_classificado,2904961,26724,4781148.29,67480730,0.009199435035444539,39.602416867748765,0.07085205346770848,0.5101947308132875,0.5376235502208027
energisa,Grupo Energisa,energisa_pb,ENERGISA PARAÍBA DISTRIBUIDORA DE ENERGIA S.A.,urbana,1129964,20873,3405415.32,67480730,0.018472269913023778,30.931793417172575,0.05046500415748318,0.398491790759832,0.38292714705042347
energisa,Grupo Energisa,energisa_pb,ENERGISA PARAÍBA DISTRIBUIDORA DE ENERGIA S.A.,rural,180546,4783,706551.82,67480730,0.026491863569395056,7.08794940422251,0.010470423482377858,0.09131347842688049,0.07944930272877386
energisa,Grupo Energisa,energisa_pb,ENERGISA PARAÍBA DISTRIBUIDORA DE ENERGIA S.A.,grupo_a,6,0,0.0,67480730,0.0,0.0,0.0,0.0,0.0
energisa,Grupo Energisa,energisa_ro,ENERGISA RONDÔNIA DISTRIBUIDORA DE ENERGIA S.A.,nao_classificado,2227564,17245,6990715.08,29468096,0.007741640644219425,58.52091699443358,0.23722995472798786,0.5587415759460861,0.4947068641629885
energisa,Grupo Energisa,energisa_ro,ENERGISA RONDÔNIA DISTRIBUIDORA DE ENERGIA S.A.,urbana,887502,9260,3831699.2399999998,29468096,0.010433779304159315,31.423815098199764,0.13002873480526192,0.3000259201658891,0.2711550812390005
energisa,Grupo Energisa,energisa_ro,ENERGISA RONDÔNIA DISTRIBUIDORA DE ENERGIA S.A.,rural,72958,4359,3308610.71,29468096,0.0597467035828833,14.792268899897705,0.11227772265978772,0.14123250388802489,0.23413805459801101
energisa,Grupo Energisa,energisa_ro,ENERGISA RONDÔNIA DISTRIBUIDORA DE ENERGIA S.A.,grupo_a,15,0,0.0,29468096,0.0,0.0,0.0,0.0,0.0
energisa,Grupo Energisa,energisa_se,ENERGISA SERGIPE DISTRIBUIDORA DE ENERGIA S.A.,nao_classificado,1334599,5814,1104832.98,32079049,0.004356364720788791,18.123978675303,0.034440951787567016,0.5110759493670886,0.5093971423286071
energisa,Grupo Energisa,energisa_se,ENERGISA SERGIPE DISTRIBUIDORA DE ENERGIA S.A.,urbana,433774,3391,662331.65,32079049,0.00781743488544726,10.57076224422987,0.02064686051011051,0.29808368495077353,0.30537633822606486
energisa,Grupo Energisa,energisa_se,ENERGISA SERGIPE DISTRIBUIDORA DE ENERGIA S.A.,rural,127194,2171,401738.35000000003,32079049,0.017068415176816516,6.767656983846372,0.012523387149039238,0.19084036568213783,0.18522651944532809
energisa,Grupo Energisa,energisa_se,ENERGISA SERGIPE DISTRIBUIDORA DE ENERGIA S.A.,grupo_a,13,0,0.0,32079049,0.0,0.0,0.0,0.0,0.0
energisa,Grupo Energisa,energisa_sul_sudeste,ENERGISA SUL-SUDESTE DISTRIBUIDORA DE ENERGIA S.A.,nao_classificado,1786856,5714,1374913.27,33475025,0.003197795457496295,17.06944206912467,0.041072807861980684,0.5157505189999098,0.4357614645865898
energisa,Grupo Energisa,energisa_sul_sudeste,ENERGISA SUL-SUDESTE DISTRIBUIDORA DE ENERGIA S.A.,urbana,690521,4785,1406519.419525,33475025,0.006929550296080785,14.294238764571496,0.04201697891263711,0.43189818575683725,0.4457786360747643
energisa,Grupo Energisa,energisa_sul_sudeste,ENERGISA SUL-SUDESTE DISTRIBUIDORA DE ENERGIA S.A.,rural,50125,580,373764.320161,33475025,0.011571072319201995,1.7326350017662424,0.01116546799176401,0.052351295243253,0.11845989933864585
energisa,Grupo Energisa,energisa_sul_sudeste,ENERGISA SUL-SUDESTE DISTRIBUIDORA DE ENERGIA S.A.,grupo_a,133,0,0.0,33475025,0.0,0.0,0.0,0.0,0.0
energisa,Grupo Energisa,energisa_to,ENERGISA TOCANTINS DISTRIBUIDORA DE ENERGIA S.A.,nao_classificado,1696072,6069,1417284.81,26163752,0.0035782679037210685,23.196214365584876,0.05416978459358582,0.4957118353344768,0.48274147520100524
energisa,Grupo Energisa,energisa_to,ENERGISA TOCANTINS DISTRIBUIDORA DE ENERGIA S.A.,urbana,762697,4893,1205487.86,26163752,0.006415391695522599,18.701446184018256,0.04607473194211595,0.3996569468267582,0.41060130170540876
energisa,Grupo Energisa,energisa_to,ENERGISA TOCANTINS DISTRIBUIDORA DE ENERGIA S.A.,rural,72973,1281,313135.85,26163752,0.01755443794280076,4.896086769206496,0.011968308291563074,0.10463121783876501,0.10665722309358602
energisa,Grupo Energisa,energisa_to,ENERGISA TOCANTINS DISTRIBUIDORA DE ENERGIA S.A.,grupo_a,58,0,0.0,26163752,0.0,0.0,0.0,0.0,0.0
equatorial,Grupo Equatorial,equatorial_al,EQUATORIAL ALAGOAS DISTRIBUIDORA DE ENERGIA S.A.,nao_classificado,823255,10923,5025179.08,49559092,0.013268063965599966,22.040355380199458,0.10139772294456081,0.6827728466058257,0.6323953744487849
equatorial,Grupo Equatorial,equatorial_al,EQUATORIAL ALAGOAS DISTRIBUIDORA DE ENERGIA S.A.,urbana,593192,3262,2219253.9899999998,49559092,0.005499062698080892,6.582041495029812,0.0447799566222884,0.20390048756094512,0.27928277493406456
equatorial,Grupo Equatorial,equatorial_al,EQUATORIAL ALAGOAS DISTRIBUIDORA DE ENERGIA S.A.,rural,82081,1813,701828.53,49559092,0.022087937525127617,3.658259114190389,0.01416144851887117,0.11332666583322916,0.08832185061715059
equatorial,Grupo Equatorial,equatorial_al,EQUATORIAL ALAGOAS DISTRIBUIDORA DE ENERGIA S.A.,grupo_a,0,0,0.0,49559092,,0.0,0.0,0.0,0.0
equatorial,Grupo Equatorial,enel_go,EQUATORIAL GOIÁS DISTRIBUIDORA DE ENERGIA S.A.,nao_classificado,38134632,45117,34291273.51476762,125227469,0.0011830978203749285,36.028037905964545,0.27383188200320185,0.8317877620250365,0.8942503528014343
equatorial,Grupo Equatorial,enel_go,EQUATORIAL GOIÁS DISTRIBUIDORA DE ENERGIA S.A.,rural,80865,4659,1312136.3800000001,125227469,0.05761454275644593,3.7204297405387954,0.010478023635533192,0.08589443409966631,0.0342179890237462
equatorial,Grupo Equatorial,enel_go,EQUATORIAL GOIÁS DISTRIBUIDORA DE ENERGIA S.A.,urbana,3314316,4453,1971093.75,125227469,0.0013435653087997643,3.555929090924931,0.015740106908972182,0.08209656901605797,0.05140232778415512
equatorial,Grupo Equatorial,enel_go,EQUATORIAL GOIÁS DISTRIBUIDORA DE ENERGIA S.A.,grupo_a,85,12,771887.17,125227469,0.1411764705882353,0.009582562113428963,0.006163880625903252,0.0002212348592393208,0.02012933039066451
equatorial,Grupo Equatorial,equatorial_ma,EQUATORIAL MARANHÃO DISTRIBUIDORA DE ENERGIA S.A.,nao_classificado,1285509,8995,7093632.72,100625828,0.006997228335235303,8.939056879114574,0.0704951488200425,0.3960287060273852,0.38046676565911847
equatorial,Grupo Equatorial,equatorial_ma,EQUATORIAL MARANHÃO DISTRIBUIDORA DE ENERGIA S.A.,rural,84494,8241,7669591.78,100625828,0.09753355267829668,8.18974627468407,0.07621891846693674,0.36283185840707965,0.411358311551033
equatorial,Grupo Equatorial,equatorial_ma,EQUATORIAL MARANHÃO DISTRIBUIDORA DE ENERGIA S.A.,urbana,1178384,5477,3881328.35,100625828,0.004647890670613315,5.442936578867207,0.03857188981341848,0.24113943556553516,0.2081749227898485
equatorial,Grupo Equatorial,equatorial_ma,EQUATORIAL MARANHÃO DISTRIBUIDORA DE ENERGIA S.A.,grupo_a,0,0,0.0,100625828,,0.0,0.0,0.0,0.0
equatorial,Grupo Equatorial,equatorial_pa,EQUATORIAL PARÁ DISTRIBUIDORA DE ENERGIA S.A.,nao_classificado,2243072,11123,9266571.76,106922245,0.004958824326637754,10.402886695841449,0.08666645336524686,0.6219525833146947,0.42316326646225344
equatorial,Grupo Equatorial,equatorial_pa,EQUATORIAL PARÁ DISTRIBUIDORA DE ENERGIA S.A.,urbana,2241810,4575,9926673.68,106922245,0.002040761705942966,4.278810270023792,0.09284011647903577,0.25581525385819726,0.4533071958354616
equatorial,Grupo Equatorial,equatorial_pa,EQUATORIAL PARÁ DISTRIBUIDORA DE ENERGIA S.A.,rural,99104,2186,2705091.43,106922245,0.022057636422344203,2.0444763388572693,0.025299613097349388,0.12223216282710803,0.12352953770228488
equatorial,Grupo Equatorial,equatorial_pa,EQUATORIAL PARÁ DISTRIBUIDORA DE ENERGIA S.A.,grupo_a,0,0,0.0,106922245,,0.0,0.0,0.0,0.0
equatorial,Grupo Equatorial,equatorial_pi,EQUATORIAL PIAUÍ DISTRIBUIDORA DE ENERGIA S.A.,nao_classificado,929559,23457,13977832.379999999,54819846,0.025234546704404993,42.789248258741914,0.2549775929687945,0.7984274481772695,0.7875815147979881
equatorial,Grupo Equatorial,equatorial_pi,EQUATORIAL PIAUÍ DISTRIBUIDORA DE ENERGIA S.A.,urbana,468420,3266,2431874.2600000002,54819846,0.006972375218820716,5.9576964152726735,0.044361201963245216,0.11116784097484597,0.13702405075550325
equatorial,Grupo Equatorial,equatorial_pi,EQUATORIAL PIAUÍ DISTRIBUIDORA DE ENERGIA S.A.,rural,63619,2656,1338084.69,54819846,0.04174853424291485,4.844960710031911,0.024408764118016676,0.09040471084788454,0.07539443444650867
equatorial,Grupo Equatorial,equatorial_pi,EQUATORIAL PIAUÍ DISTRIBUIDORA DE ENERGIA S.A.,grupo_a,0,0,0.0,54819846,,0.0,0.0,0.0,0.0
forca,Grupo Forca,forcel,FORÇA E LUZ CORONEL VIVIDA LTDA,nao_classificado,42279,267,1631.48,315897,0.006315191939260626,84.52122052441143,0.005164594788807745,0.9175257731958762,0.632457095895084
forca,Grupo Forca,forcel,FORÇA E LUZ CORONEL VIVIDA LTDA,urbana,8375,23,948.11,315897,0.002746268656716418,7.28085420247739,0.0030013263817003644,0.07903780068728522,0.36754290410491586
forca,Grupo Forca,forcel,FORÇA E LUZ CORONEL VIVIDA LTDA,rural,351,1,0.0,315897,0.002849002849002849,0.31655887836858215,0.0,0.003436426116838488,0.0
forca,Grupo Forca,forcel,FORÇA E LUZ CORONEL VIVIDA LTDA,grupo_a,0,0,0.0,315897,,0.0,0.0,0.0,0.0
hidropan,Grupo Hidropan,hidropan,HIDROPAN DISTRIBUIÇÃO DE ENERGIA S.A.,nao_classificado,119021,36,1375.26,707814,0.00030246763176246206,5.086081936780001,0.0019429680678822402,0.972972972972973,0.8561450253371018
hidropan,Grupo Hidropan,hidropan,HIDROPAN DISTRIBUIÇÃO DE ENERGIA S.A.,urbana,11007,1,231.08,707814,9.085127646043427e-05,0.14128005379944447,0.00032646994831975635,0.02702702702702703,0.1438549746628983
hidropan,Grupo Hidropan,hidropan,HIDROPAN DISTRIBUIÇÃO DE ENERGIA S.A.,grupo_a,0,0,0.0,707814,,0.0,0.0,0.0,0.0
hidropan,Grupo Hidropan,hidropan,HIDROPAN DISTRIBUIÇÃO DE ENERGIA S.A.,rural,121,0,0.0,707814,0.0,0.0,0.0,0.0,0.0
light,Grupo Light,light,LIGHT SERVIÇOS DE ELETRICIDADE S.A.,nao_classificado,95738731,9200,8609229.055712,166994670,9.609486050112781e-05,5.509157867134323,0.05155391519808387,0.8682521706304266,0.5442721757112431
light,Grupo Light,light,LIGHT SERVIÇOS DE ELETRICIDADE S.A.,urbana,2789321,1352,5283918.36648,166994670,0.0004847057760652144,0.8096066778658265,0.0316412396065096,0.12759531898829746,0.3340473028414303
light,Grupo Light,light,LIGHT SERVIÇOS DE ELETRICIDADE S.A.,rural,3946,44,1924727.2366799999,166994670,0.011150532184490624,0.026348146321077195,0.011525680650047094,0.004152510381275953,0.1216805214473267
light,Grupo Light,light,LIGHT SERVIÇOS DE ELETRICIDADE S.A.,grupo_a,444,0,0.0,166994670,0.0,0.0,0.0,0.0,0.0
muxfeldt,Grupo Muxfeldt,mux_energia,"MUXFELDT, MARIN & CIA LTDA",nao_classificado,60963,8,1115.77,465810,0.00013122713777209127,1.7174384405658958,0.002395332861037762,0.6153846153846154,0.7177262172019633
muxfeldt,Grupo Muxfeldt,mux_energia,"MUXFELDT, MARIN & CIA LTDA",urbana,8174,5,438.82,465810,0.000611695620259359,1.073399025353685,0.0009420579206114081,0.38461538461538464,0.2822737827980368
muxfeldt,Grupo Muxfeldt,mux_energia,"MUXFELDT, MARIN & CIA LTDA",grupo_a,99,0,0.0,465810,0.0,0.0,0.0,0.0,0.0
muxfeldt,Grupo Muxfeldt,mux_energia,"MUXFELDT, MARIN & CIA LTDA",rural,0,0,0.0,465810,,0.0,0.0,0.0,0.0
neoenergia,Grupo Neoenergia,neoenergia_brasilia,NEOENERGIA DISTRIBUIÇÃO BRASÍLIA S.A.,nao_classificado,1236036,9285,12099226.97,42904814,0.007511917128627321,21.640928218451197,0.28200161804687,0.9145080271840835,0.8724363833418113
neoenergia,Grupo Neoenergia,neoenergia_brasilia,NEOENERGIA DISTRIBUIÇÃO BRASÍLIA S.A.,urbana,499150,627,999269.37,42904814,0.0012561354302313933,1.4613744742023587,0.023290378790594455,0.06175514626218852,0.07205410372982285
neoenergia,Grupo Neoenergia,neoenergia_brasilia,NEOENERGIA DISTRIBUIÇÃO BRASÍLIA S.A.,rural,9367,237,573737.97,42904814,0.02530159069072275,0.5523855668037624,0.013372344884189452,0.02334285432876982,0.041370401660683336
neoenergia,Grupo Neoenergia,neoenergia_brasilia,NEOENERGIA DISTRIBUIÇÃO BRASÍLIA S.A.,grupo_a,194,4,196085.72,42904814,0.020618556701030927,0.009322963152806117,0.004570249855878643,0.00039397222495814047,0.014139111267682506
nova,Grupo NOVA,nova_palma,NOVA PALMA ENERGIA LTDA.,nao_classificado,146444,81,3372.76,607449,0.0005531124525415858,13.334452768874424,0.005552334434660359,0.8617021276595744,0.6907868730913939
nova,Grupo NOVA,nova_palma,NOVA PALMA ENERGIA LTDA.,urbana,10101,10,1433.4,607449,0.00099000099000099,1.646228736898077,0.0023597042714697037,0.10638297872340426,0.29357971035270936
nova,Grupo NOVA,nova_palma,NOVA PALMA ENERGIA LTDA.,rural,5054,3,76.33,607449,0.000593589236248516,0.49386862106942314,0.00012565663948743022,0.031914893617021274,0.01563341655589668
nova,Grupo NOVA,nova_palma,NOVA PALMA ENERGIA LTDA.,grupo_a,0,0,0.0,607449,,0.0,0.0,0.0,0.0
rge,Grupo RGE,rge,RGE SUL DISTRIBUIDORA DE ENERGIA S.A.,nao_classificado,45280655,9895,6417278.6338,112346108,0.00021852599084531794,8.80760373114127,0.057120613682496234,0.6979614869154264,0.7797626060637808
rge,Grupo RGE,rge,RGE SUL DISTRIBUIDORA DE ENERGIA S.A.,urbana,1616725,3694,1207329.0203,112346108,0.00228486600998933,3.2880533787605706,0.010746513980706834,0.26056288354376805,0.14670237603320183
rge,Grupo RGE,rge,RGE SUL DISTRIBUIDORA DE ENERGIA S.A.,rural,101781,585,342689.5806,112346108,0.005747634627288001,0.5207122973944055,0.0030503022018350647,0.0412640191860055,0.04164016177077345
rge,Grupo RGE,rge,RGE SUL DISTRIBUIDORA DE ENERGIA S.A.,grupo_a,843,3,262487.81,112346108,0.0035587188612099642,0.002670319473817464,0.002336421035608995,0.0002116103548000282,0.031894856132244034
roraima,Grupo Roraima,roraima_energia,RORAIMA ENERGIA S.A.,nao_classificado,199789,1781,988617.63,7931232,0.008914404696955288,22.455527716248874,0.12464868383625646,0.499719416386083,0.6614533417654752
roraima,Grupo Roraima,roraima_energia,RORAIMA ENERGIA S.A.,urbana,198918,1546,458665.83,7931232,0.007772046773042158,19.4925580288157,0.05783033833835651,0.4337822671156005,0.30687905697892054
roraima,Grupo Roraima,roraima_energia,RORAIMA ENERGIA S.A.,rural,11776,237,47330.85,7931232,0.020125679347826088,2.988186450730479,0.005967654205550916,0.0664983164983165,0.031667601255604194
roraima,Grupo Roraima,roraima_energia,RORAIMA ENERGIA S.A.,grupo_a,8,0,0.0,7931232,0.0,0.0,0.0,0.0,0.0
